Time,Device ID,Visible Light (lm),UV (UV Index),CO2 (ppm),Temperature (Â°C),Humidity (%),Rainfall (mm),Wind Speed (m/s),Wind Dir,Wind Dir (Degrees)
7/1/2021 13:08:07,nchsmote1,252,1,594.8,36,59,0,0,6,165
7/1/2021 13:09:08,nchsmote1,248,1,789.1,36.7,57.5,0,0,6,165
7/1/2021 13:13:06,nchsmote1,100,0,582.1,36.8,58,0,0,6,165
7/1/2021 13:42:03,nchsmote3,257,1,640.2,35.2,59,0,0.581152,8,225
7/1/2021 13:43:04,nchsmote3,242,1,951.6,35.3,57,0,0.581152,8,225
7/1/2021 13:51:14,nchsmote3,528,2,195.2,35.2,58,0,0.581152,6,145
7/1/2021 14:12:24,nchsmote5,52,0,380.9,36.6,52.5,0,0.134112,1,100
7/1/2021 14:14:26,nchsmote5,137,0,151.4,37.4,51.5,0,0.44704,1,100
7/1/2021 14:27:04,nchsmote5,-250,0,391,37.4,54,0,0.268224,0,N/A
7/1/2021 14:45:38,nchsmote4,121,0,445.5,34.4,57.5,0,0.715264,2,130
7/1/2021 14:46:39,nchsmote4,115,0,375.3,34.2,58,0,0.715264,2,130
7/1/2021 14:54:52,nchsmote4,79,0,451.9,33.6,61.5,0,0.134112,7,355
7/1/2021 15:13:07,nchsmote1,20,0,787.4,37.2,54,0,0,6,165
7/1/2021 15:31:06,nchsmote2,23,0,445.9,33.3,57.5,0,0.44704,4,30
7/1/2021 15:51:15,nchsmote3,172,0,453.3,35.8,52.5,0,0.89408,7,180
7/1/2021 16:27:05,nchsmote5,-250,0,152.6,41.2,41.5,0,0.268224,4,235
7/1/2021 16:54:53,nchsmote4,62,0,390.1,33.6,57,0,0,7,355
7/1/2021 17:13:07,nchsmote1,18,0,827.7,32.8,61,0,0.134112,4,65
7/1/2021 17:31:06,nchsmote2,28,0,461.9,31.9,60,0,0.715264,4,30
7/1/2021 18:27:05,nchsmote5,-250,0,204,32.7,60.5,0,0.134112,2,145
7/1/2021 18:54:53,nchsmote4,12,0,355.8,30.5,68.5,0,0.581152,3,175
7/1/2021 19:13:08,nchsmote1,13,0,767.2,30.3,71.5,0,0.268224,1,290
7/1/2021 19:31:07,nchsmote2,11,0,462.7,29.7,70.5,0,0.44704,4,30
7/1/2021 20:27:05,nchsmote5,-250,0,156.2,30,69.5,0,0.715264,3,190
7/1/2021 20:54:53,nchsmote4,11,0,372.3,29.5,72.5,0,0.134112,8,40
7/1/2021 21:13:08,nchsmote1,11,0,744.3,29.1,76.5,0,0,5,110
7/1/2021 21:31:07,nchsmote2,12,0,449.5,28.9,74.5,0,0.268224,4,30
7/1/2021 22:27:06,nchsmote5,-250,0,170.9,29.3,74.5,0,0,0,N/A
7/1/2021 22:54:54,nchsmote4,13,0,378.8,29.2,76,0,0.44704,1,85
7/1/2021 23:13:08,nchsmote1,12,0,767.8,29,78.5,0,0,5,110
7/1/2021 23:31:08,nchsmote2,12,0,456.6,28.9,76,0,0.44704,5,75
7/2/2021 0:27:06,nchsmote5,-250,0,335.7,28.9,73.5,0,0.268224,4,235
7/2/2021 0:54:54,nchsmote4,11,0,375.1,28.9,74.5,0,0,1,85
7/2/2021 1:13:09,nchsmote1,10,0,733.9,28.7,78.5,0,0.268224,3,20
7/2/2021 1:31:08,nchsmote2,11,0,462.1,28.5,77,0,0,5,75
7/2/2021 1:51:17,nchsmote3,10,0,492.7,28.1,78.5,0,0,8,225
7/2/2021 2:27:07,nchsmote5,-250,0,227.1,28.6,77.5,0,0,4,235
7/2/2021 2:54:55,nchsmote4,12,0,353.8,28.6,78.5,0,0.134112,8,40
7/2/2021 3:13:09,nchsmote1,11,0,767.4,28.3,82,0,0.134112,3,20
7/2/2021 3:31:09,nchsmote2,12,0,460.6,28.1,80.5,0,0,5,75
7/2/2021 3:51:17,nchsmote3,11,0,564,27.8,81.5,0,0.44704,1,270
7/2/2021 4:27:07,nchsmote5,-250,0,183.6,28.4,80.5,0,0.268224,3,190
7/2/2021 4:54:55,nchsmote4,10,0,378.1,28.4,80.5,0,0,8,40
7/2/2021 5:13:10,nchsmote1,11,0,740.1,28.1,84.5,0,0,5,110
7/2/2021 5:31:09,nchsmote2,12,0,445.1,27.9,82.5,0,0,6,130
7/2/2021 6:27:07,nchsmote5,-250,0,196.6,28.1,81.5,0,0,4,235
7/2/2021 6:54:55,nchsmote4,11,0,345.9,28.3,80.5,0,0.44704,0,N/A
7/2/2021 7:13:10,nchsmote1,13,0,774.3,28.1,83.5,0,0,0,N/A
7/2/2021 7:31:09,nchsmote2,12,0,452.7,28,81,0,0,6,130
7/2/2021 7:51:18,nchsmote3,56,0,538.2,28.6,79,0,0.134112,1,270
7/2/2021 8:27:08,nchsmote5,-250,0,203.3,30.7,73.5,0,0,4,235
7/2/2021 8:54:56,nchsmote4,44,0,405.6,30.1,76.5,0,0,1,85
7/2/2021 9:13:10,nchsmote1,23,0,778.5,34.3,66,0,0,5,110
7/2/2021 9:31:10,nchsmote2,30,0,458.3,29.8,74.5,0,0,5,75
7/2/2021 9:51:19,nchsmote3,289,1,485.4,32.8,63,0,0,1,270
7/2/2021 10:27:08,nchsmote5,-250,0,141.7,38.7,49,0,0,4,235
7/2/2021 10:54:56,nchsmote4,77,0,399.9,34.6,61,0,0,1,85
7/2/2021 11:13:11,nchsmote1,22,0,819.4,33.6,61,0,0,5,110
7/2/2021 11:31:10,nchsmote2,45,0,456.1,34,56.5,0,0.581152,5,75
7/2/2021 11:51:19,nchsmote3,424,2,461.3,38.2,46,0,0.134112,8,225
7/2/2021 12:27:09,nchsmote5,-250,0,110.6,48.6,31.5,0,0.134112,3,190
7/2/2021 12:54:57,nchsmote4,94,0,409.8,39.3,46,0,0.134112,8,40
7/2/2021 13:13:11,nchsmote1,24,0,736,37.7,52.5,0,0,6,165
7/2/2021 13:31:10,nchsmote2,129,0,469.5,37.5,52.5,0,0.134112,3,345
7/2/2021 13:51:20,nchsmote3,304,1,464.9,40.8,47.5,0,0.134112,7,180
7/2/2021 14:27:09,nchsmote5,-250,0,171.3,41.7,42,0,0,8,55
7/2/2021 14:54:57,nchsmote4,87,0,350,34.7,57.5,0,0.44704,2,130
7/2/2021 15:13:12,nchsmote1,22,0,799.8,33.9,61.5,0,0,5,110
7/2/2021 15:31:11,nchsmote2,30,0,478,33.8,57.5,0,0.44704,5,75
7/2/2021 16:27:10,nchsmote5,-250,0,172.8,39.3,45.5,0,0,3,190
7/2/2021 16:54:58,nchsmote4,38,0,375.9,32.7,63,0,0.268224,8,40
7/2/2021 17:13:12,nchsmote1,15,0,797.2,32.1,68,0,0,5,110
7/2/2021 17:31:11,nchsmote2,13,0,464.2,31.2,66.5,0,0.134112,5,75
7/2/2021 17:51:21,nchsmote3,54,0,458.6,30.1,67.5,0,0.44704,6,145
7/2/2021 18:27:10,nchsmote5,-250,0,229.6,28.3,76.5,0,0,5,280
7/2/2021 18:54:58,nchsmote4,13,0,348.6,28.4,72.5,0,0,3,175
7/2/2021 19:13:13,nchsmote1,12,0,764.1,28.5,78,0,0.268224,1,290
7/2/2021 19:31:12,nchsmote2,11,0,475.2,28.3,75.5,0,0.134112,5,75
7/2/2021 19:51:21,nchsmote3,10,0,527.9,28,77.5,0,0,7,180
7/2/2021 20:27:10,nchsmote5,-250,0,202.2,28.5,74.5,0,0.581152,3,190
7/2/2021 20:54:59,nchsmote4,13,0,358.2,28.6,76,0,0.134112,3,175
7/2/2021 21:13:13,nchsmote1,12,0,790.5,28.5,80.5,0,0,5,110
7/2/2021 21:31:12,nchsmote2,12,0,486.6,28.3,78,0,0,1,255
7/2/2021 21:51:22,nchsmote3,10,0,517.9,28.3,77.5,0,0,7,180
7/2/2021 22:27:11,nchsmote5,-250,0,210.7,28.7,77.5,0,0,8,55
7/2/2021 22:54:59,nchsmote4,11,0,427.3,28.9,77,0,0,1,85
7/2/2021 23:13:13,nchsmote1,11,0,751.8,28.5,80,0,0,5,110
7/2/2021 23:31:13,nchsmote2,12,0,455.6,28.6,76.5,0,0,5,75
7/2/2021 23:51:22,nchsmote3,11,0,499.6,28,77,0,0.134112,8,225
7/3/2021 0:54:59,nchsmote4,13,0,392,28.7,76.5,0,0,2,130
7/3/2021 1:13:14,nchsmote1,10,0,793.4,28.2,81.5,0,0,5,110
7/3/2021 1:31:13,nchsmote2,11,0,436,28.4,77.5,0,0.134112,5,75
7/3/2021 1:51:22,nchsmote3,8,0,493.5,27.9,78.5,0,0,6,145
7/3/2021 2:27:11,nchsmote5,-250,0,191.7,28.3,77,0,0,1,100
7/3/2021 2:55:00,nchsmote4,11,0,412.4,28.6,76.5,0,0.134112,1,85
7/3/2021 3:13:14,nchsmote1,13,0,747.4,27.9,81,0,0,5,110
7/3/2021 3:31:13,nchsmote2,11,0,455.7,28.2,77,0,0.268224,5,75
7/3/2021 3:51:23,nchsmote3,10,0,521.3,27.6,77.5,0,0.134112,8,225
7/3/2021 4:55:00,nchsmote4,11,0,387.5,27.8,82.5,0,0,1,85
7/3/2021 5:13:15,nchsmote1,11,0,794.8,27.2,88.5,0,0,5,110
7/3/2021 5:31:14,nchsmote2,11,0,488.2,27.2,86,0,0.268224,5,75
7/3/2021 5:51:23,nchsmote3,11,0,660.7,26.8,85.5,0,0,0,N/A
7/3/2021 6:27:12,nchsmote5,-250,0,289.9,27.1,86,0,0,6,335
7/3/2021 6:55:01,nchsmote4,10,0,431,27.6,83,0,0,3,175
7/3/2021 7:13:15,nchsmote1,15,0,788.4,27.2,87,0,0,5,110
7/3/2021 7:31:14,nchsmote2,15,0,460.4,27.3,84.5,0,0,1,255
7/3/2021 7:51:24,nchsmote3,56,0,603.7,28,82,0,0,1,270
7/3/2021 8:27:13,nchsmote5,-250,0,230.7,29.8,77,0,0,7,10
7/3/2021 8:55:01,nchsmote4,39,0,474,29,80,0,0,3,175
7/3/2021 9:13:15,nchsmote1,43,0,787.7,39.7,54.5,0,0,5,110
7/3/2021 9:31:15,nchsmote2,22,0,465.6,29.3,77.5,0,0,1,255
7/3/2021 9:51:24,nchsmote3,919,4,504.2,34.9,60.5,0,0,7,180
7/3/2021 10:27:13,nchsmote5,-250,0,133.7,44.9,41,0,0,8,55
7/3/2021 10:55:02,nchsmote4,74,0,403,33.5,62.5,0,0,2,130
7/3/2021 11:13:16,nchsmote1,50,0,815.3,43.4,42.5,0,0,5,110
7/3/2021 11:31:15,nchsmote2,44,0,439.7,33.9,57.5,0,0,2,300
7/3/2021 11:51:25,nchsmote3,315,1,473.3,41.2,43,0,0.134112,1,270
7/3/2021 12:27:14,nchsmote5,-250,0,156.7,37.8,44.5,0,0.268224,3,190
7/3/2021 12:55:02,nchsmote4,87,0,373.7,35.1,57,0,0.268224,1,85
7/3/2021 13:13:17,nchsmote1,19,0,770.6,36.6,52,0,0,5,110
7/3/2021 13:31:15,nchsmote2,34,0,445.5,33.9,55.5,0,0.134112,5,75
7/3/2021 13:51:25,nchsmote3,68,0,455.5,35,52.5,0,0.268224,0,N/A
7/3/2021 14:27:14,nchsmote5,-250,0,172.9,32.2,58,0,0,1,100
7/3/2021 14:55:02,nchsmote4,15,0,398.9,29.8,69,0,0.268224,0,N/A
7/3/2021 15:13:17,nchsmote1,15,0,760.8,28.6,81,0,0,5,110
7/3/2021 15:31:16,nchsmote2,16,0,451.2,27.5,81.5,0,0,2,300
7/3/2021 16:27:14,nchsmote5,-250,0,227.3,28.7,82.5,0,0,5,280
7/3/2021 16:55:03,nchsmote4,33,0,364.4,28.9,78,0,0,7,355
7/3/2021 17:13:17,nchsmote1,16,0,739.2,28.4,84.5,0,0,5,110
7/3/2021 17:31:16,nchsmote2,21,0,482.8,28.5,80.5,0,0.44704,5,75
7/3/2021 17:51:26,nchsmote3,76,0,510.6,30.1,74.5,2.54,0.134112,1,270
7/3/2021 18:27:15,nchsmote5,-250,0,226.5,30.1,75,2.54,0,2,145
7/3/2021 18:55:03,nchsmote4,13,0,391.8,29,79,2.54,0.134112,2,130
7/3/2021 19:13:18,nchsmote1,11,0,779.3,28.5,84.5,0,0,6,165
7/3/2021 19:31:17,nchsmote2,12,0,515.3,28.2,83,2.54,0,5,75
7/3/2021 19:51:27,nchsmote3,11,0,562.1,28.2,82,2.54,0,7,180
7/3/2021 20:27:15,nchsmote5,-250,0,208.8,28.5,81,2.54,0,2,145
7/3/2021 20:55:04,nchsmote4,10,0,408.1,28.8,78.5,2.54,0,8,40
7/3/2021 21:13:18,nchsmote1,13,0,756.4,27.3,80,0,0,5,110
7/3/2021 21:31:17,nchsmote2,11,0,454.7,26.7,77.5,2.54,0,4,30
7/3/2021 22:27:15,nchsmote5,-250,0,189.4,26.8,78.5,2.54,0,1,100
7/3/2021 22:55:04,nchsmote4,13,0,393.6,27.1,79.5,2.54,0.134112,0,N/A
7/3/2021 23:13:19,nchsmote1,13,0,789.4,26.8,82.5,0,0,5,110
7/3/2021 23:31:17,nchsmote2,10,0,460,27,79,2.54,0.581152,5,75
7/3/2021 23:51:27,nchsmote3,12,0,572.1,26.6,79,2.54,0,7,180
7/4/2021 0:27:16,nchsmote5,-250,0,239.5,27.1,80,2.54,0,8,55
7/4/2021 0:55:05,nchsmote4,10,0,423.7,27.5,80,2.54,0,1,85
7/4/2021 1:13:19,nchsmote1,12,0,762.9,27,83.5,0,0,5,110
7/4/2021 1:31:18,nchsmote2,11,0,452.8,27.1,81,2.54,0,5,75
7/4/2021 1:51:28,nchsmote3,13,0,575.9,26.6,81.5,2.54,0,7,180
7/4/2021 2:27:16,nchsmote5,-250,0,251.8,27.4,82.5,2.54,0,5,280
7/4/2021 2:55:05,nchsmote4,12,0,381.6,27.5,82,2.54,0,1,85
7/4/2021 3:13:19,nchsmote1,13,0,744.7,26.9,86,0,0,5,110
7/4/2021 3:31:18,nchsmote2,10,0,466.5,27.1,83,2.54,0,5,75
7/4/2021 3:51:28,nchsmote3,11,0,563.6,26.7,82.5,2.54,0,8,225
7/4/2021 4:55:06,nchsmote4,12,0,400.3,26.5,82,2.54,0,6,320
7/4/2021 5:13:20,nchsmote1,11,0,741.2,25.6,88.5,0,0,5,110
7/4/2021 5:31:18,nchsmote2,11,0,481.2,25.8,86.5,2.54,0,1,255
7/4/2021 5:51:29,nchsmote3,11,0,644,25,88.5,2.54,0,7,180
7/4/2021 6:27:17,nchsmote5,-250,0,297.7,25.3,90,2.54,0,0,N/A
7/4/2021 6:55:06,nchsmote4,9,0,407.5,25.6,87,2.54,0,5,265
7/4/2021 7:13:20,nchsmote1,12,0,711,24.9,92.5,0,0,5,110
7/4/2021 7:31:19,nchsmote2,11,0,442.7,25.1,91,2.54,0.44704,2,300
7/4/2021 8:55:06,nchsmote4,11,0,430.7,26.1,87.5,5.08,0.134112,3,175
7/4/2021 9:13:21,nchsmote1,12,0,743,25.7,92,2.54,0,5,110
7/4/2021 9:31:19,nchsmote2,15,0,426.9,25.8,88.5,2.54,0,5,75
7/4/2021 10:55:07,nchsmote4,11,0,351.2,26.9,82.5,5.08,0,1,85
7/4/2021 11:13:21,nchsmote1,17,0,762.8,26.6,86.5,2.54,0,5,110
7/4/2021 11:31:20,nchsmote2,22,0,425.9,26.8,84,2.54,0.134112,5,75
7/4/2021 12:55:07,nchsmote4,11,0,441.7,28.5,79,5.08,0,2,130
7/4/2021 13:13:21,nchsmote1,20,0,794.4,28.3,80.5,2.54,0,6,165
7/4/2021 13:31:20,nchsmote2,25,0,452,28.1,79,2.54,0,5,75
7/4/2021 14:55:08,nchsmote4,11,0,386.7,31.3,70.5,5.08,0.268224,8,40
7/4/2021 15:13:22,nchsmote1,31,0,788.1,31.5,69,2.54,0,5,110
7/4/2021 15:31:20,nchsmote2,40,0,481.3,31.3,66,2.54,0.134112,1,255
7/4/2021 17:13:22,nchsmote1,18,0,774.7,29.8,72,2.54,0,5,110
7/4/2021 17:31:21,nchsmote2,20,0,492.8,29.3,70.5,2.54,0.268224,2,300
7/4/2021 19:13:23,nchsmote1,9,0,780.9,28,78.5,2.54,0,5,110
7/4/2021 19:31:21,nchsmote2,11,0,446.6,27.8,77,2.54,0.134112,2,300
7/4/2021 21:13:23,nchsmote1,13,0,794.7,27.3,81.5,2.54,0,5,110
7/4/2021 21:31:22,nchsmote2,12,0,455.7,27.2,79.5,2.54,0,4,30
7/4/2021 23:13:23,nchsmote1,12,0,799.3,26.6,86,2.54,0,5,110
7/4/2021 23:31:22,nchsmote2,11,0,457.3,27,82,2.54,0,3,345
7/5/2021 1:13:24,nchsmote1,12,0,812.8,26.1,89,2.54,0,6,165
7/5/2021 1:31:22,nchsmote2,10,0,486.8,26.5,85,2.54,0,1,255
7/5/2021 3:13:24,nchsmote1,11,0,790.6,26.3,91,2.54,0,5,110
7/5/2021 3:31:23,nchsmote2,11,0,439.3,26.7,87.5,2.54,0,1,255
7/5/2021 5:13:24,nchsmote1,11,0,742.3,26.5,92,2.54,0,5,110
7/5/2021 5:31:23,nchsmote2,11,0,449,26.8,88,2.54,0,1,255
7/5/2021 7:13:25,nchsmote1,13,0,789.2,26.3,93,2.54,0,5,110
7/5/2021 7:31:24,nchsmote2,13,0,489.6,26.7,90,2.54,0,5,75
7/5/2021 9:13:25,nchsmote1,17,0,746.8,26.4,92.5,2.54,0,5,110
7/5/2021 9:31:24,nchsmote2,21,0,432.5,26,91,2.54,0,5,75
7/5/2021 11:13:26,nchsmote1,28,0,750.6,30.9,80,7.62,0,5,110
7/5/2021 11:31:24,nchsmote2,34,0,404,29.4,82,30.48,0.44704,1,255
7/5/2021 13:13:26,nchsmote1,40,0,749.6,32.5,66.5,7.62,0,5,110
7/5/2021 13:31:25,nchsmote2,70,0,467.2,35.2,56.5,30.48,0.268224,5,75
7/5/2021 15:13:27,nchsmote1,34,0,746.2,34.8,59,7.62,0.44704,6,165
7/5/2021 15:33:32,nchsmote2,41,0,0,0,0,30.48,0.44704,0,N/A
7/5/2021 17:13:27,nchsmote1,19,0,737.9,31.7,69.5,7.62,0,5,110
7/5/2021 19:13:27,nchsmote1,12,0,765.7,29.2,77,7.62,0,5,110
7/5/2021 20:12:06,nchsmote2,9,0,245.3,28.9,77,30.48,0,8,210
7/5/2021 21:13:28,nchsmote1,11,0,758.6,28.4,79,7.62,0,5,110
7/5/2021 23:13:28,nchsmote1,12,0,802.1,27.9,82.5,7.62,0,5,110
7/6/2021 1:13:29,nchsmote1,12,0,764.8,27.2,84.5,7.62,0,5,110
7/6/2021 3:13:29,nchsmote1,12,0,752.2,27,87,7.62,0,5,110
7/6/2021 5:13:29,nchsmote1,12,0,770.4,27.3,86,7.62,0,5,110
7/6/2021 7:13:30,nchsmote1,13,0,791.1,27.1,85,7.62,0,5,110
7/6/2021 7:49:01,nchsmote2,15,0,269.5,27.9,79.5,30.48,0,8,210
7/6/2021 9:13:30,nchsmote1,25,0,706.4,32.4,69.5,7.62,0,5,110
7/6/2021 11:13:31,nchsmote1,26,0,763,32.1,69.5,7.62,0,5,110
7/6/2021 13:13:31,nchsmote1,26,0,736.5,33.1,65,7.62,0,5,110
7/6/2021 15:13:31,nchsmote1,19,0,784.9,29.9,75,7.62,0,6,165
7/6/2021 16:07:10,nchsmote2,30,0,257.2,31.2,71,30.48,0.134112,4,30
7/6/2021 17:13:32,nchsmote1,14,0,774.7,30.9,73.5,7.62,0,5,110
7/6/2021 19:13:32,nchsmote1,12,0,782.8,26.8,84,7.62,0,5,110
7/6/2021 21:13:33,nchsmote1,11,0,824.6,27.5,81,7.62,0,5,110
7/6/2021 23:13:33,nchsmote1,12,0,814.8,27.2,85,7.62,0,5,110
7/7/2021 1:13:33,nchsmote1,12,0,832.4,27,85.5,7.62,0,5,110
7/7/2021 3:13:33,nchsmote1,11,0,768.8,26.6,88,7.62,0,5,110
7/7/2021 4:34:27,nchsmote2,11,0,261.1,27.7,82.5,30.48,0.268224,0,N/A
7/7/2021 5:13:34,nchsmote1,11,0,744,26.9,88,7.62,0,5,110
7/7/2021 7:13:34,nchsmote1,11,0,753.9,27,88.5,7.62,0,5,110
7/7/2021 9:13:35,nchsmote1,25,0,808.9,32.6,74,7.62,0,5,110
7/7/2021 11:13:35,nchsmote1,41,0,737.5,35.7,59.5,7.62,0,5,110
7/7/2021 13:13:35,nchsmote1,40,0,770.7,35.6,58,7.62,0,5,110
7/7/2021 15:13:36,nchsmote1,24,0,798.9,33.3,64,7.62,0.134112,6,165
7/7/2021 17:13:36,nchsmote1,14,0,793.8,30.8,72.5,7.62,0.268224,7,200
7/7/2021 17:40:02,nchsmote2,13,0,252.3,30.1,72.5,30.48,0.44704,5,75
7/7/2021 19:13:37,nchsmote1,13,0,834.3,29.4,79,7.62,0,5,110
7/7/2021 21:13:37,nchsmote1,11,0,774.7,28.7,83,7.62,0,6,165
7/7/2021 23:13:38,nchsmote1,13,0,788,28.5,84,7.62,0,0,N/A
7/8/2021 1:13:38,nchsmote1,12,0,739,28.1,83.5,7.62,0,5,110
7/8/2021 3:13:38,nchsmote1,11,0,779.4,27.7,85.5,7.62,0,5,110
7/8/2021 5:13:39,nchsmote1,13,0,786.1,27.9,85.5,7.62,0,6,165
7/8/2021 7:13:39,nchsmote1,13,0,805.9,27.5,87.5,7.62,0,5,110
7/8/2021 9:13:40,nchsmote1,32,0,781.3,35.8,61.5,7.62,0,5,110
7/8/2021 11:13:40,nchsmote1,48,0,782.6,39.9,47.5,7.62,0.268224,1,290
7/8/2021 13:13:41,nchsmote1,50,0,779.1,40,47.5,7.62,0,6,165
7/8/2021 15:13:41,nchsmote1,36,0,769.1,35.1,56,7.62,0,6,165
7/8/2021 17:13:42,nchsmote1,20,0,762.5,33.8,57.5,7.62,0,6,165
7/8/2021 19:13:42,nchsmote1,12,0,780.9,30.3,71.5,7.62,0.268224,0,N/A
7/8/2021 21:13:42,nchsmote1,12,0,778.6,29.8,73.5,7.62,0.268224,8,245
7/8/2021 21:15:14,nchsmote2,10,0,245.5,29.8,70.5,30.48,0.268224,8,210
7/9/2021 1:13:43,nchsmote1,13,0,760.8,29.3,78,7.62,0,5,110
7/9/2021 3:13:44,nchsmote1,11,0,708.7,29,79,7.62,0,5,110
7/9/2021 5:13:44,nchsmote1,11,0,749,28.3,81.5,7.62,0.268224,1,290
7/9/2021 7:13:44,nchsmote1,12,0,803.7,28.3,81,7.62,0,5,110
7/9/2021 9:13:45,nchsmote1,20,0,776,36.8,58,7.62,0,5,110
7/9/2021 11:13:45,nchsmote1,49,0,795.8,37.2,58.5,7.62,0,5,110
7/9/2021 13:13:46,nchsmote1,35,0,755.3,38.9,51.5,7.62,0,5,110
7/9/2021 14:19:02,nchsmote4,48,0,420.2,35.9,54,0,0,8,40
7/9/2021 14:27:15,nchsmote2,43,0,430.1,35.6,52,0,0.89408,5,75
7/9/2021 14:36:45,nchsmote5,-250,0,377.1,41,43.5,0,0,4,235
7/9/2021 14:44:17,nchsmote3,46,0,225.4,38.6,48,0,0.44704,1,270
7/9/2021 14:45:38,nchsmote1,18,0,584.9,37.1,54.5,7.62,0,5,110
7/9/2021 16:19:03,nchsmote4,54,0,359.3,33.1,63,0,0,8,40
7/9/2021 16:27:16,nchsmote2,28,0,436.6,33.3,62,0,0.89408,5,75
7/9/2021 16:36:46,nchsmote5,-250,0,161.1,34.7,56,0,0.134112,0,N/A
7/9/2021 16:44:17,nchsmote3,25,0,472.4,32.9,61,0,0.44704,1,270
7/9/2021 16:45:39,nchsmote1,14,0,764.4,32,67,7.62,0,5,110
7/9/2021 18:19:03,nchsmote4,54,0,348.3,30.3,72,0,0,7,355
7/9/2021 18:27:16,nchsmote2,12,0,474.6,30.1,71,0,0.44704,6,130
7/9/2021 18:36:46,nchsmote5,-250,0,144.5,31,67,0,0.44704,4,235
7/9/2021 18:44:18,nchsmote3,12,0,470.1,29.9,70.5,0,0.134112,0,N/A
7/9/2021 18:45:39,nchsmote1,13,0,799.4,30.3,73,7.62,0.44704,1,290
7/9/2021 20:19:04,nchsmote4,54,0,332.2,28.6,84,0,0,1,85
7/9/2021 20:27:16,nchsmote2,12,0,471,27.9,85.5,0,0.715264,5,75
7/9/2021 20:36:46,nchsmote5,-250,0,225.1,28.1,86.5,0,0,1,100
7/9/2021 20:44:18,nchsmote3,11,0,606.3,27.4,87,0,0.134112,0,N/A
7/9/2021 20:45:40,nchsmote1,12,0,738,27.7,90,7.62,0,5,110
7/9/2021 22:19:04,nchsmote4,54,0,383,26.2,88.5,0,0,7,355
7/9/2021 22:27:17,nchsmote2,13,0,446.4,25.8,89.5,0,0,8,210
7/9/2021 22:36:47,nchsmote5,-250,0,243.2,26.1,89.5,0,0,8,55
7/9/2021 22:44:19,nchsmote3,10,0,656,25.3,88.5,0,0,6,145
7/9/2021 22:45:40,nchsmote1,12,0,763.8,25.3,92.5,10.16,0,5,110
7/10/2021 0:19:05,nchsmote4,54,0,430.1,26.5,89.5,5.08,0.268224,3,175
7/10/2021 0:27:17,nchsmote2,11,0,450.2,26.3,90.5,5.08,0,2,300
7/10/2021 0:36:47,nchsmote5,-250,0,257.5,26.6,91,5.08,0,8,55
7/10/2021 0:44:19,nchsmote3,12,0,683.8,26.1,88.5,5.08,0,7,180
7/10/2021 0:45:40,nchsmote1,11,0,769.4,26.3,93,12.7,0,5,110
7/10/2021 2:19:05,nchsmote4,54,0,409.6,27,89,5.08,0,1,85
7/10/2021 2:27:17,nchsmote2,11,0,461,26.7,90,5.08,0,5,75
7/10/2021 2:36:48,nchsmote5,-250,0,276.6,26.8,91,5.08,0,1,100
7/10/2021 2:44:20,nchsmote3,11,0,726.3,26.2,89.5,5.08,0,6,145
7/10/2021 4:19:05,nchsmote4,54,0,380.3,27,89,5.08,0,8,40
7/10/2021 4:27:18,nchsmote2,11,0,426.4,26.8,89.5,5.08,0,5,75
7/10/2021 4:36:48,nchsmote5,-250,0,297.4,26.8,90.5,5.08,0,1,100
7/10/2021 4:44:20,nchsmote3,11,0,700,26.3,89,5.08,0,6,145
7/10/2021 4:45:41,nchsmote1,12,0,764.3,26.6,92,12.7,0,5,110
7/10/2021 6:19:06,nchsmote4,54,0,400.2,26.8,88.5,5.08,0,8,40
7/10/2021 6:27:18,nchsmote2,10,0,463,26.6,89.5,5.08,0,1,255
7/10/2021 6:36:48,nchsmote5,-250,0,307.3,26.5,91,5.08,0,8,55
7/10/2021 6:44:21,nchsmote3,14,0,688.5,26.2,89.5,5.08,0,8,225
7/10/2021 6:45:41,nchsmote1,10,0,813.3,26.4,92.5,12.7,0,6,165
7/10/2021 8:19:06,nchsmote4,54,0,435.5,27,82.5,5.08,0,8,40
7/10/2021 8:27:19,nchsmote2,12,0,446,26.2,84.5,5.08,0.134112,8,210
7/10/2021 8:36:49,nchsmote5,-250,0,244.3,25.8,87.5,5.08,0,7,10
7/10/2021 8:44:21,nchsmote3,17,0,624.1,25,87,5.08,0.134112,1,270
7/10/2021 8:45:42,nchsmote1,12,0,748.6,25,92,12.7,0,5,110
7/10/2021 10:19:07,nchsmote4,54,0,416.2,25.8,90,5.08,0.268224,3,175
7/10/2021 10:27:19,nchsmote2,15,0,459.6,25.3,92.5,7.62,0.581152,8,210
7/10/2021 10:36:49,nchsmote5,-250,0,279.9,26.2,89.5,10.16,0,8,55
7/10/2021 10:44:21,nchsmote3,14,0,657.5,25.3,89,10.16,0.134112,6,145
7/10/2021 10:45:42,nchsmote1,12,0,745.9,25.2,93,17.78,0,5,110
7/10/2021 12:19:07,nchsmote4,54,0,391.5,25.2,91,10.16,0,8,40
7/10/2021 12:44:22,nchsmote3,19,0,694.2,25.4,90,10.16,0,0,N/A
7/10/2021 12:45:43,nchsmote1,13,0,719.8,24.9,94.5,17.78,0.44704,4,65
7/10/2021 14:19:07,nchsmote4,54,0,353.2,26.2,89.5,12.7,0,8,40
7/10/2021 14:27:20,nchsmote2,21,0,426.3,25.8,92,12.7,0,8,210
7/10/2021 14:44:22,nchsmote3,43,0,580.8,27.7,83.5,15.24,0.134112,8,225
7/10/2021 14:45:43,nchsmote1,21,0,752.7,26.5,90,20.32,0,5,110
7/10/2021 16:27:20,nchsmote2,29,0,427.9,27.9,81.5,17.78,0.268224,5,75
7/10/2021 16:36:50,nchsmote5,-250,0,165.6,32.1,67,17.78,0,3,190
7/10/2021 16:44:23,nchsmote3,75,0,464.1,34.1,61.5,17.78,0.134112,1,270
7/10/2021 16:45:43,nchsmote1,20,0,747.8,28,79.5,22.86,0,5,110
7/10/2021 18:19:08,nchsmote4,54,0,416.4,27.9,78,17.78,0.134112,1,85
7/10/2021 18:27:21,nchsmote2,16,0,471.5,27.7,77,17.78,0,6,130
7/10/2021 18:44:23,nchsmote3,15,0,449.6,28.2,70.5,17.78,0.268224,1,270
7/10/2021 18:45:44,nchsmote1,12,0,759.8,27.1,80,22.86,0.268224,2,335
7/10/2021 20:19:09,nchsmote4,54,0,421.6,26.7,83,17.78,0,7,355
7/10/2021 20:27:21,nchsmote2,11,0,427.2,26.5,83,17.78,0.134112,5,75
7/10/2021 20:44:24,nchsmote3,12,0,504.8,26.2,81.5,17.78,0,7,180
7/10/2021 20:45:44,nchsmote1,12,0,750.1,26.1,87.5,22.86,0,5,110
7/10/2021 22:19:09,nchsmote4,54,0,369.1,26.6,83.5,17.78,0.268224,1,85
7/10/2021 22:36:51,nchsmote5,-250,0,225.7,26.8,80.5,17.78,0,1,100
7/10/2021 22:44:24,nchsmote3,10,0,527.1,26.3,81,17.78,0,8,225
7/10/2021 22:45:45,nchsmote1,12,0,735.1,26.6,85,22.86,0,5,110
7/11/2021 0:19:10,nchsmote4,54,0,381.1,26.9,82,17.78,0,1,85
7/11/2021 0:36:52,nchsmote5,-250,0,208.7,27.1,77,17.78,0.134112,4,235
7/11/2021 0:44:25,nchsmote3,12,0,505.1,26.6,78.5,17.78,0,7,180
7/11/2021 0:45:45,nchsmote1,11,0,767.8,26.8,81.5,22.86,0,3,20
7/11/2021 2:19:10,nchsmote4,54,0,379.3,26.9,80.5,17.78,0,8,40
7/11/2021 2:27:22,nchsmote2,10,0,457.6,26.6,82,17.78,0,5,75
7/11/2021 2:36:52,nchsmote5,-250,0,197.7,26.9,78.5,17.78,0,4,235
7/11/2021 2:44:25,nchsmote3,11,0,480.9,26.5,79,17.78,0,7,180
7/11/2021 2:45:45,nchsmote1,11,0,771,26.6,82.5,22.86,0,5,110
7/11/2021 4:19:10,nchsmote4,54,0,366.4,26.8,80.5,17.78,0,6,320
7/11/2021 4:27:23,nchsmote2,12,0,430.2,26.5,82.5,17.78,0,7,165
7/11/2021 4:36:52,nchsmote5,-250,0,199.1,26.8,80.5,17.78,0,3,190
7/11/2021 4:44:25,nchsmote3,10,0,518.2,26.3,81,17.78,0,8,225
7/11/2021 4:45:46,nchsmote1,10,0,758.8,26.5,84.5,22.86,0,5,110
7/11/2021 6:19:11,nchsmote4,54,0,396.7,26.6,84.5,17.78,0,7,355
7/11/2021 6:27:23,nchsmote2,12,0,479.2,26.3,86,17.78,0,8,210
7/11/2021 6:36:53,nchsmote5,-250,0,236.9,26.4,85.5,17.78,0,4,235
7/11/2021 6:44:26,nchsmote3,10,0,560.2,26,85,17.78,0,7,180
7/11/2021 6:45:46,nchsmote1,12,0,759.9,26,89,22.86,0.268224,4,65
7/11/2021 8:19:11,nchsmote4,54,0,425.1,26.9,85.5,17.78,0,7,355
7/11/2021 8:27:23,nchsmote2,19,0,453.4,26.8,86,17.78,0.268224,1,255
7/11/2021 8:36:53,nchsmote5,-250,0,186.7,28.6,80,17.78,0,8,55
7/11/2021 8:44:26,nchsmote3,36,0,510.5,28.6,76.5,17.78,0.581152,0,N/A
7/11/2021 8:45:47,nchsmote1,21,0,772.6,28.4,84,22.86,0,5,110
7/11/2021 10:19:12,nchsmote4,54,0,355.5,30.4,74,17.78,0,8,40
7/11/2021 10:27:24,nchsmote2,36,0,477.6,30,74.5,17.78,0,8,210
7/11/2021 10:36:54,nchsmote5,-250,0,176.6,37.1,54.5,17.78,0,1,100
7/11/2021 10:44:27,nchsmote3,82,0,495.5,37,56,17.78,0.134112,1,270
7/11/2021 10:45:47,nchsmote1,39,0,752.5,32.8,67.5,22.86,0,5,110
7/11/2021 12:19:12,nchsmote4,54,0,391.8,30.9,70.5,17.78,0.134112,8,40
7/11/2021 12:27:24,nchsmote2,19,0,466.6,30.2,72,17.78,0.44704,6,130
7/11/2021 12:36:54,nchsmote5,-250,0,169.9,33.1,61,17.78,0.44704,8,55
7/11/2021 12:44:27,nchsmote3,22,0,450.9,31.6,65,17.78,0,7,180
7/11/2021 12:45:47,nchsmote1,16,0,796.9,30.2,74,22.86,0,6,165
7/11/2021 14:19:13,nchsmote4,54,0,379.4,26.9,84.5,17.78,0,6,320
7/11/2021 14:27:25,nchsmote2,32,0,461.5,27,85.5,17.78,0.134112,8,210
7/11/2021 14:36:54,nchsmote5,-250,0,207.4,30.7,71.5,17.78,0,1,100
7/11/2021 14:44:28,nchsmote3,41,0,474.7,29.5,72.5,17.78,0,8,225
7/11/2021 14:45:48,nchsmote1,21,0,734,27.8,84.5,22.86,0,5,110
7/11/2021 16:19:13,nchsmote4,54,0,380.3,29.2,77,30.48,0,2,130
7/11/2021 16:27:25,nchsmote2,35,0,470.6,29.3,78.5,33.02,0.268224,1,255
7/11/2021 16:36:55,nchsmote5,-250,0,169.8,38.6,50.5,33.02,0,7,10
7/11/2021 16:44:28,nchsmote3,61,0,454.1,36.1,57.5,30.48,0.134112,2,315
7/11/2021 16:45:48,nchsmote1,22,0,756.9,29.7,77,40.64,0,5,110
7/11/2021 18:19:13,nchsmote4,54,0,372,27,79.5,30.48,0,8,40
7/11/2021 18:27:25,nchsmote2,14,0,433.4,26.1,82.5,33.02,0.268224,5,75
7/11/2021 18:36:55,nchsmote5,-250,0,186.1,26.9,77.5,33.02,0.268224,3,190
7/11/2021 18:44:29,nchsmote3,12,0,169.8,25.7,81.5,30.48,0.134112,0,N/A
7/11/2021 18:45:49,nchsmote1,13,0,738.3,25.3,88.5,40.64,0,2,335
7/11/2021 20:19:14,nchsmote4,54,0,397.4,25.5,89.5,30.48,0,7,355
7/11/2021 20:27:26,nchsmote2,10,0,440.2,25.3,91,33.02,0.134112,1,255
7/11/2021 20:36:55,nchsmote5,-250,0,219.9,25.6,88.5,33.02,0,4,235
7/11/2021 20:44:33,nchsmote3,11,0,0,0,0,30.48,0,7,180
7/11/2021 20:45:49,nchsmote1,12,0,730.9,25.1,91.5,40.64,0,5,110
7/11/2021 22:19:14,nchsmote4,54,0,374.9,25.3,91,33.02,0.581152,6,320
7/11/2021 22:27:26,nchsmote2,11,0,438,25.1,92.5,35.56,0,6,130
7/11/2021 22:36:56,nchsmote5,-250,0,269.4,25.3,91,33.02,0,4,235
7/11/2021 22:45:49,nchsmote1,12,0,713.9,25.2,93,40.64,0.44704,4,65
7/12/2021 0:19:15,nchsmote4,54,0,347.3,25.4,89.5,33.02,0,6,320
7/12/2021 0:27:26,nchsmote2,11,0,463.1,25.1,91,35.56,0.134112,1,255
7/12/2021 0:36:56,nchsmote5,-250,0,225.1,25.3,90,33.02,0,4,235
7/12/2021 0:45:50,nchsmote1,12,0,748.1,25.2,91.5,40.64,0,5,110
7/12/2021 2:19:15,nchsmote4,54,0,391,25.4,90.5,33.02,0,6,320
7/12/2021 2:27:27,nchsmote2,11,0,459.3,25.1,91.5,35.56,0,7,165
7/12/2021 2:36:56,nchsmote5,-250,0,290.7,25.3,89.5,33.02,0,8,55
7/12/2021 2:45:50,nchsmote1,13,0,778.6,25.1,92,40.64,0,5,110
7/12/2021 4:19:15,nchsmote4,54,0,425.7,25.3,90,33.02,0,6,320
7/12/2021 4:27:27,nchsmote2,12,0,456,25,91,35.56,0.134112,1,255
7/12/2021 4:36:57,nchsmote5,-250,0,273,25,92,33.02,0,7,10
7/12/2021 4:45:51,nchsmote1,11,0,745.6,24.8,94,40.64,0,5,110
7/12/2021 6:19:16,nchsmote4,54,0,361.1,25,90.5,33.02,0,3,175
7/12/2021 18:45:54,nchsmote1,12,0,753.6,24.1,94.5,40.64,0,6,165
7/12/2021 20:19:19,nchsmote4,54,0,377.1,24.6,92.5,99.06,0.44704,3,175
7/12/2021 20:27:30,nchsmote2,11,0,458.4,24.2,94.5,127,0.134112,1,255
7/12/2021 20:37:00,nchsmote5,-250,0,289.7,24.8,93.5,104.14,0,8,55
7/12/2021 20:45:54,nchsmote1,12,0,753.4,24.4,96,121.92,0,5,110
7/12/2021 22:19:19,nchsmote4,54,0,377.3,24.9,92.5,114.3,0.134112,3,175
7/12/2021 22:27:31,nchsmote2,10,0,432.8,24.4,94.5,134.62,0,2,300
7/12/2021 22:37:01,nchsmote5,-250,0,283.3,24.9,92.5,109.22,0,8,55
7/12/2021 22:45:54,nchsmote1,10,0,735.9,24.4,95.5,124.46,0,5,110
7/13/2021 0:19:20,nchsmote4,54,0,344.2,25.1,90.5,114.3,0,3,175
7/13/2021 0:27:31,nchsmote2,12,0,441.8,24.6,92.5,137.16,0.134112,2,300
7/13/2021 0:37:01,nchsmote5,-250,0,281.3,25.1,91.5,109.22,0,8,55
7/13/2021 0:45:55,nchsmote1,10,0,787.1,24.8,94,124.46,0,5,110
7/13/2021 2:19:20,nchsmote4,54,0,411.8,25.2,89.5,114.3,0,3,175
7/13/2021 2:27:32,nchsmote2,10,0,448.9,24.7,91.5,137.16,0.134112,2,300
7/13/2021 2:37:01,nchsmote5,-250,0,289.4,25.1,91.5,109.22,0,7,10
7/13/2021 2:45:55,nchsmote1,10,0,758.5,24.8,93.5,124.46,0,5,110
7/13/2021 4:19:21,nchsmote4,54,0,437.4,25.4,90,114.3,0,3,175
7/13/2021 4:27:32,nchsmote2,11,0,435.5,25,92,137.16,0,1,255
7/13/2021 4:37:02,nchsmote5,-250,0,266.2,25.3,91,109.22,0,7,10
7/13/2021 4:45:56,nchsmote1,11,0,748,25.2,93.5,124.46,0,5,110
7/13/2021 6:19:21,nchsmote4,54,0,393.3,25.6,89.5,114.3,0,3,175
7/13/2021 6:27:32,nchsmote2,11,0,482.3,25.4,91.5,137.16,0,4,30
7/13/2021 6:37:02,nchsmote5,-250,0,269.5,25.6,91,109.22,0,8,55
7/13/2021 6:45:56,nchsmote1,10,0,762.8,25.2,94.5,124.46,0,5,110
7/13/2021 8:19:21,nchsmote4,54,0,374.6,23.6,95,114.3,0,4,220
7/13/2021 8:27:33,nchsmote2,10,0,455.1,23.4,97,137.16,0.268224,1,255
7/13/2021 8:37:02,nchsmote5,-250,0,303,23.7,96.5,109.22,0,8,55
7/13/2021 8:45:56,nchsmote1,11,0,680.8,23.4,97.5,127,0,5,110
7/13/2021 10:19:22,nchsmote4,54,0,376.9,23.5,94,162.56,0.44704,0,N/A
7/13/2021 10:27:33,nchsmote2,14,0,421.4,23.1,96.5,215.9,0.134112,0,N/A
7/13/2021 10:37:03,nchsmote5,-250,0,341.8,23.7,95.5,167.64,0.134112,1,100
7/13/2021 10:45:57,nchsmote1,14,0,652.4,23.4,97.5,198.12,0.268224,5,110
7/13/2021 12:19:22,nchsmote4,54,0,409.6,24.9,90,182.88,0.715264,3,175
7/13/2021 12:27:34,nchsmote2,20,0,458,24.3,92.5,241.3,0.44704,2,300
7/13/2021 12:37:03,nchsmote5,-250,0,258.9,25.6,88.5,190.5,0,8,55
7/13/2021 12:45:57,nchsmote1,14,0,767.8,24.1,94,220.98,0,5,110
7/13/2021 14:19:23,nchsmote4,54,0,396.9,24.8,89,187.96,0.581152,3,175
7/13/2021 14:27:34,nchsmote2,22,0,449.4,24.4,91,243.84,0.268224,2,300
7/13/2021 14:37:04,nchsmote5,-250,0,230.1,25.9,87,193.04,0.134112,7,10
7/13/2021 14:45:57,nchsmote1,16,0,741.2,24.2,93.5,220.98,0,5,110
7/13/2021 16:19:23,nchsmote4,54,0,400.1,25.1,86.5,190.5,0.268224,4,220
7/13/2021 16:27:34,nchsmote2,20,0,447,24.8,89,246.38,0.268224,2,300
7/13/2021 16:37:04,nchsmote5,-250,0,228.5,26.4,84,198.12,0.134112,8,55
7/13/2021 16:45:58,nchsmote1,18,0,803.1,25.3,89.5,223.52,0.268224,5,110
7/13/2021 18:27:35,nchsmote2,13,0,454.9,25,85,246.38,0.134112,4,30
7/13/2021 18:37:04,nchsmote5,-250,0,232.5,26,81,198.12,0,2,145
7/13/2021 18:45:58,nchsmote1,13,0,754.7,25.3,85,223.52,0,5,110
7/13/2021 20:19:24,nchsmote4,54,0,434.7,24.7,87,190.5,0,1,85
7/13/2021 20:27:35,nchsmote2,11,0,460.2,24.8,86,246.38,0.268224,5,75
7/13/2021 20:37:05,nchsmote5,-250,0,232.5,25.4,84.5,198.12,0,2,145
7/13/2021 20:45:59,nchsmote1,12,0,771.3,25.2,89.5,223.52,0,5,110
7/13/2021 22:19:24,nchsmote4,54,0,366,25.1,84,190.5,0,8,40
7/13/2021 22:27:36,nchsmote2,11,0,452.8,25.3,81,246.38,0.268224,5,75
7/13/2021 22:37:05,nchsmote5,-250,0,395.5,25.5,81.5,198.12,0,3,190
7/14/2021 0:19:25,nchsmote4,54,0,368.7,24.9,85.5,190.5,0,1,85
7/14/2021 0:27:36,nchsmote2,11,0,431.5,25.6,79,246.38,0,5,75
7/14/2021 0:45:59,nchsmote1,12,0,773.1,25,86.5,223.52,0,5,110
7/14/2021 0:46:01,nchsmote5,-250,0,0,0,0,198.12,0,1,100
7/14/2021 2:19:25,nchsmote4,54,0,379,25.8,84,190.5,0,6,320
7/14/2021 2:27:36,nchsmote2,12,0,445.4,26,82.5,246.38,0,5,75
7/14/2021 2:46:00,nchsmote1,12,0,733.4,25.4,88,223.52,0,6,165
7/14/2021 4:19:26,nchsmote4,54,0,375.6,25.1,89.5,190.5,0,2,130
7/14/2021 4:27:37,nchsmote2,10,0,471.9,24.9,89,246.38,0.134112,5,75
7/14/2021 4:46:00,nchsmote1,11,0,726.3,24.8,93.5,223.52,0,5,110
7/14/2021 6:19:26,nchsmote4,54,0,426.6,24.9,92,190.5,0,1,85
7/14/2021 6:27:37,nchsmote2,11,0,480.5,24.7,92,246.38,0,5,75
7/14/2021 6:46:01,nchsmote1,11,0,781.3,24.6,95,223.52,0,5,110
7/14/2021 8:19:27,nchsmote4,54,0,450.2,25.2,91,190.5,0,1,85
7/14/2021 8:27:37,nchsmote2,14,0,495,25,91.5,246.38,0,1,255
7/14/2021 8:46:01,nchsmote1,14,0,787.3,25.3,93,223.52,0,5,110
7/14/2021 10:27:38,nchsmote2,23,0,496.9,26.8,89,246.38,0,1,255
7/14/2021 10:46:01,nchsmote1,22,0,830.5,27.8,84,223.52,0,5,110
7/14/2021 12:19:27,nchsmote4,54,0,409.5,30,72.5,190.5,0,7,355
7/14/2021 12:27:38,nchsmote2,32,0,472.7,29.9,74.5,246.38,0,1,255
7/14/2021 12:46:02,nchsmote1,25,0,720.8,29.9,74,223.52,0,8,245
7/14/2021 14:19:28,nchsmote4,54,0,416.7,29.9,73.5,190.5,0.268224,1,85
7/14/2021 14:27:39,nchsmote2,28,0,479.3,29.6,74.5,246.38,0.268224,6,130
7/14/2021 14:46:02,nchsmote1,21,0,823.6,29.9,76,223.52,0,8,245
7/14/2021 16:19:28,nchsmote4,54,0,367.9,29.3,73,190.5,0,2,130
7/14/2021 16:27:39,nchsmote2,19,0,456.9,28.7,74,246.38,0.268224,5,75
7/14/2021 16:46:03,nchsmote1,15,0,768,28.9,77.5,223.52,0,0,N/A
7/14/2021 18:19:29,nchsmote4,54,0,418.6,28,79,190.5,0.134112,0,N/A
7/14/2021 18:27:39,nchsmote2,13,0,453.1,27.5,79.5,246.38,0.134112,5,75
7/14/2021 18:46:03,nchsmote1,13,0,860.6,27.6,82,223.52,0,5,110
7/14/2021 20:19:29,nchsmote4,54,0,441.2,26.9,83.5,190.5,0,8,40
7/14/2021 20:27:40,nchsmote2,10,0,431,26.8,85,246.38,0,5,75
7/14/2021 20:46:03,nchsmote1,12,0,779.1,27.1,87,223.52,0,5,110
7/14/2021 22:27:40,nchsmote2,11,0,453.1,26.4,87,246.38,0.268224,6,130
7/14/2021 22:46:04,nchsmote1,12,0,741.3,26.5,88.5,223.52,0.44704,4,65
7/15/2021 0:19:30,nchsmote4,54,0,351.2,25.8,89.5,190.5,0,6,320
7/15/2021 0:27:40,nchsmote2,11,0,450,25.7,90.5,246.38,0,6,130
7/15/2021 0:46:04,nchsmote1,11,0,784,25.5,92.5,223.52,0,5,110
7/15/2021 2:19:30,nchsmote4,54,0,464.8,25.9,90.5,190.5,0,7,355
7/15/2021 2:46:04,nchsmote1,12,0,798.5,25.6,93.5,223.52,0,5,110
7/15/2021 4:19:30,nchsmote4,54,0,453.2,25.9,89.5,190.5,0,7,355
7/15/2021 4:27:41,nchsmote2,12,0,466.5,25.8,90.5,246.38,0,1,255
7/15/2021 4:46:04,nchsmote1,10,0,797.7,25.6,93,223.52,0,5,110
7/15/2021 6:19:31,nchsmote4,54,0,410.2,25.6,90.5,190.5,0.134112,7,355
7/15/2021 6:27:41,nchsmote2,10,0,464.9,25.5,91,246.38,0.134112,1,255
7/15/2021 6:46:05,nchsmote1,10,0,788.7,25.1,94.5,223.52,0,5,110
7/15/2021 8:19:31,nchsmote4,54,0,430.4,26.3,89,190.5,0,7,355
7/15/2021 8:27:42,nchsmote2,19,0,487.5,26.3,90,246.38,0,1,255
7/15/2021 8:46:05,nchsmote1,36,0,873.5,31.9,76.5,223.52,0,5,110
7/15/2021 10:19:32,nchsmote4,54,0,367.4,31.6,68.5,190.5,0,8,40
7/15/2021 10:27:42,nchsmote2,34,0,439.3,30.5,70,246.38,0,1,255
7/15/2021 10:46:06,nchsmote1,45,0,810.3,37.1,51.5,223.52,0,5,110
7/15/2021 12:19:32,nchsmote4,54,0,390,38.5,49,190.5,0,8,40
7/15/2021 12:27:43,nchsmote2,62,0,465.1,34.2,57.5,246.38,0,4,30
7/15/2021 12:46:06,nchsmote1,73,0,838.3,40.9,45.5,223.52,0,0,N/A
7/15/2021 14:19:33,nchsmote4,54,0,349.3,38.5,46.5,190.5,0.44704,2,130
7/15/2021 14:27:43,nchsmote2,100,0,443.1,42,39.5,246.38,0.134112,5,75
7/15/2021 14:46:07,nchsmote1,34,0,810.4,36.5,52,223.52,0,7,200
7/15/2021 16:19:33,nchsmote4,54,0,374.3,33,52.5,190.5,0.134112,2,130
7/15/2021 16:27:44,nchsmote2,23,0,503.3,32.9,53,246.38,0.268224,5,75
7/15/2021 16:46:07,nchsmote1,16,0,804.4,33.8,52.5,223.52,0,1,290
7/15/2021 18:19:34,nchsmote4,54,0,409.9,31.4,55.5,190.5,0.268224,1,85
7/15/2021 18:27:44,nchsmote2,17,0,477.5,31.2,54.5,246.38,0.44704,0,N/A
7/15/2021 18:46:08,nchsmote1,13,0,795.8,31.1,60.5,223.52,0,5,110
7/15/2021 20:19:34,nchsmote4,54,0,390.6,29.2,73,190.5,0.134112,1,85
7/15/2021 20:27:44,nchsmote2,12,0,470.1,29,73.5,246.38,0.268224,5,75
7/15/2021 20:46:08,nchsmote1,9,0,806.3,29.2,77,223.52,0,6,165
7/15/2021 22:27:45,nchsmote2,12,0,484.2,28.6,72.5,246.38,0.268224,5,75
7/15/2021 22:46:08,nchsmote1,11,0,807.3,28.7,76.5,223.52,0,4,65
7/16/2021 0:19:35,nchsmote4,54,0,365.7,28.3,77.5,190.5,0.268224,8,40
7/16/2021 0:27:45,nchsmote2,11,0,454.9,28,78.5,246.38,0.268224,5,75
7/16/2021 0:46:09,nchsmote1,12,0,773.9,28.3,81,223.52,0,0,N/A
7/16/2021 2:19:35,nchsmote4,54,0,335.1,28.1,81,190.5,0,8,40
7/16/2021 2:27:46,nchsmote2,11,0,426.3,27.9,81.5,246.38,0.134112,5,75
7/16/2021 2:46:09,nchsmote1,11,0,759.1,28.1,83.5,223.52,0,8,245
7/16/2021 4:19:36,nchsmote4,54,0,401.9,28.1,82,190.5,0.268224,8,40
7/16/2021 4:27:46,nchsmote2,11,0,479.6,28,82.5,246.38,0.134112,5,75
7/16/2021 4:46:10,nchsmote1,12,0,751.8,28.1,84,223.52,0,5,110
7/16/2021 6:19:36,nchsmote4,54,0,369,27.8,82.5,190.5,0,8,40
7/16/2021 6:27:46,nchsmote2,11,0,417.2,27.6,84,246.38,0.268224,5,75
7/16/2021 6:46:10,nchsmote1,13,0,773.3,27.9,85,223.52,0,6,165
7/16/2021 8:19:36,nchsmote4,54,0,412.9,28.9,81,190.5,0,8,40
7/16/2021 8:27:47,nchsmote2,20,0,447.6,28.8,82,246.38,0.134112,5,75
7/16/2021 8:46:10,nchsmote1,21,0,778.2,30.4,79.5,223.52,0,5,110
7/16/2021 10:19:37,nchsmote4,54,0,415.7,31.3,73,190.5,0.134112,8,40
7/16/2021 10:27:47,nchsmote2,35,0,429.6,30.9,72.5,246.38,0.134112,5,75
7/16/2021 10:46:11,nchsmote1,56,0,780.8,33.4,69.5,223.52,0.268224,3,20
7/16/2021 12:19:37,nchsmote4,54,0,411.1,35.7,59,190.5,0.268224,1,85
7/16/2021 12:27:48,nchsmote2,69,0,448.4,33.5,62,246.38,0.581152,0,N/A
7/16/2021 12:46:11,nchsmote1,29,0,784.2,36.3,58.5,223.52,0,5,110
7/16/2021 14:19:38,nchsmote4,54,0,421.3,36.1,54,190.5,0.134112,8,40
7/16/2021 14:27:48,nchsmote2,95,0,477.8,38.7,47,246.38,0.44704,5,75
7/16/2021 14:46:12,nchsmote1,26,0,819.3,34.6,60.5,223.52,0.134112,1,290
7/16/2021 16:19:38,nchsmote4,54,0,397.3,32.7,63,190.5,0.44704,2,130
7/16/2021 16:27:48,nchsmote2,29,0,481.3,32.5,62.5,246.38,0.715264,4,30
7/16/2021 16:46:12,nchsmote1,20,0,770.4,32.4,67,223.52,0.715264,8,245
7/16/2021 18:19:39,nchsmote4,54,0,358,31,69,190.5,0.134112,8,40
7/16/2021 18:27:49,nchsmote2,16,0,453.8,30.6,69,246.38,0.581152,5,75
7/16/2021 18:46:12,nchsmote1,12,0,825.7,30.5,73.5,223.52,0.44704,8,245
7/16/2021 20:19:39,nchsmote4,54,0,412.5,29.6,73.5,190.5,0.134112,1,85
7/16/2021 20:27:49,nchsmote2,12,0,467.3,29.4,74,246.38,0.268224,5,75
7/16/2021 20:46:13,nchsmote1,11,0,772.9,29.3,78.5,223.52,0,8,245
7/16/2021 22:19:40,nchsmote4,54,0,349.2,28.9,78,190.5,0.581152,2,130
7/16/2021 22:27:50,nchsmote2,12,0,474.6,28.8,78.5,246.38,0.581152,5,75
7/16/2021 22:46:13,nchsmote1,11,0,774.3,28.9,80,223.52,0.268224,1,290
7/17/2021 0:19:40,nchsmote4,54,0,373.4,28.6,77.5,190.5,0,7,355
7/17/2021 0:27:50,nchsmote2,11,0,484.1,28.4,78.5,246.38,0.134112,5,75
7/17/2021 0:46:14,nchsmote1,10,0,779.6,28.5,81,223.52,0,6,165
7/17/2021 2:19:40,nchsmote4,54,0,364.2,28.3,79,190.5,0,7,355
7/17/2021 2:27:50,nchsmote2,10,0,467.8,28.2,79.5,246.38,0.44704,5,75
7/17/2021 2:46:14,nchsmote1,10,0,791,28.2,82.5,223.52,0.134112,1,290
7/17/2021 4:19:41,nchsmote4,54,0,375.2,28,81,190.5,0,1,85
7/17/2021 4:27:51,nchsmote2,12,0,458.7,27.8,81,246.38,0,5,75
7/17/2021 4:46:14,nchsmote1,10,0,762.9,27.6,84.5,223.52,0,3,20
7/17/2021 6:19:41,nchsmote4,54,0,377.9,27.7,81,190.5,0,8,40
7/17/2021 6:27:51,nchsmote2,12,0,444.6,27.6,81,246.38,0.44704,5,75
7/17/2021 6:46:15,nchsmote1,12,0,728.3,27.2,85,223.52,0,6,165
7/17/2021 8:19:42,nchsmote4,54,0,381.9,28.2,80.5,190.5,0,8,40
7/17/2021 8:27:52,nchsmote2,18,0,471.6,28.3,80.5,246.38,0,4,30
7/17/2021 8:46:15,nchsmote1,51,0,781.2,40.7,50,223.52,0,5,110
7/17/2021 10:19:42,nchsmote4,54,0,400.2,32.1,68,190.5,0,1,85
7/17/2021 10:27:52,nchsmote2,39,0,466.4,31.1,69.5,246.38,0.134112,5,75
7/17/2021 10:46:16,nchsmote1,52,0,797.3,38.1,54.5,223.52,0,8,245
7/17/2021 12:19:43,nchsmote4,54,0,384.8,36.7,53.5,190.5,0.134112,8,40
7/17/2021 12:27:52,nchsmote2,25,0,493.9,34.2,59,246.38,0.268224,5,75
7/17/2021 12:46:16,nchsmote1,27,0,775,36.2,57,223.52,0.134112,1,290
7/17/2021 14:19:43,nchsmote4,54,0,380.6,38.8,45.5,190.5,0.268224,1,85
7/17/2021 14:27:53,nchsmote2,37,0,483,37.7,44.5,246.38,0,5,75
7/17/2021 14:46:17,nchsmote1,27,0,785.3,36.6,51.5,223.52,0,6,165
7/17/2021 16:19:44,nchsmote4,54,0,374.9,34.4,53,190.5,0.581152,1,85
7/17/2021 16:27:53,nchsmote2,30,0,440.4,34,53,246.38,0.44704,4,30
7/17/2021 16:46:17,nchsmote1,22,0,792.2,35,54,223.52,0,6,165
7/17/2021 18:19:44,nchsmote4,54,0,346.5,31.2,61.5,190.5,0.581152,3,175
7/17/2021 18:27:54,nchsmote2,14,0,469.9,30.8,62,246.38,0.44704,5,75
7/17/2021 18:46:18,nchsmote1,14,0,796.1,31,65,223.52,0,5,110
7/17/2021 20:19:44,nchsmote4,54,0,390,29.7,67.5,190.5,0.134112,8,40
7/17/2021 20:27:54,nchsmote2,13,0,484.8,29.7,69.5,246.38,0.134112,5,75
7/17/2021 20:46:18,nchsmote1,13,0,832.6,29.7,74,223.52,0,6,165
7/17/2021 22:19:45,nchsmote4,54,0,370.1,29.1,77.5,190.5,0,2,130
7/17/2021 22:27:55,nchsmote2,10,0,456.7,29,77.5,246.38,0.581152,5,75
7/17/2021 22:46:18,nchsmote1,11,0,777.3,29.1,80,223.52,0,7,200
7/18/2021 0:19:45,nchsmote4,54,0,404.3,28.9,80,190.5,0.134112,1,85
7/18/2021 0:27:55,nchsmote2,11,0,431.5,28.7,80.5,246.38,0.44704,5,75
7/18/2021 0:46:19,nchsmote1,11,0,801.7,28.8,83,223.52,0,4,65
7/18/2021 2:27:55,nchsmote2,10,0,474.6,28.4,81.5,246.38,0.268224,5,75
7/18/2021 2:46:19,nchsmote1,12,0,779.3,28.3,84.5,223.52,0,5,110
7/18/2021 4:19:46,nchsmote4,54,0,352.7,28.2,82.5,190.5,0.134112,1,85
7/18/2021 4:27:56,nchsmote2,12,0,434.4,28.1,83,246.38,0.134112,5,75
7/18/2021 4:46:20,nchsmote1,11,0,764.2,28,85.5,223.52,0,5,110
7/18/2021 6:19:47,nchsmote4,54,0,372.3,28,83,190.5,0.134112,8,40
7/18/2021 6:27:56,nchsmote2,11,0,456.4,28,83,246.38,0.134112,5,75
7/18/2021 6:46:20,nchsmote1,13,0,774.9,27.7,86,223.52,0,5,110
7/18/2021 8:19:47,nchsmote4,54,0,410.7,28.7,81,190.5,0,8,40
7/18/2021 8:27:56,nchsmote2,18,0,453.4,28.8,80,246.38,0.268224,5,75
7/18/2021 8:46:20,nchsmote1,47,0,773.6,39.2,56,223.52,0,5,110
7/18/2021 10:19:47,nchsmote4,54,0,347.7,32.7,67.5,190.5,0.268224,1,85
7/18/2021 10:27:57,nchsmote2,43,0,442.3,32.1,66.5,246.38,0.44704,4,30
7/18/2021 10:46:21,nchsmote1,62,0,814,37.9,54,223.52,0,5,110
7/18/2021 12:19:48,nchsmote4,54,0,361,35.1,56.5,190.5,0.134112,2,130
7/18/2021 12:27:57,nchsmote2,71,0,462.3,33.6,60.5,246.38,0.268224,5,75
7/18/2021 12:46:21,nchsmote1,72,0,780.5,39.3,50,223.52,0,6,165
7/18/2021 14:19:48,nchsmote4,54,0,327.1,36,53.5,190.5,0.268224,2,130
7/18/2021 14:27:58,nchsmote2,74,0,423.5,35.1,56.5,246.38,0.268224,5,75
7/18/2021 14:46:22,nchsmote1,39,0,815.9,36.3,59,223.52,0,6,165
7/18/2021 16:19:49,nchsmote4,54,0,391.7,33.5,59,190.5,0.134112,2,130
7/18/2021 16:27:58,nchsmote2,30,0,464.2,33.4,58.5,246.38,0.581152,4,30
7/18/2021 16:46:22,nchsmote1,21,0,767.3,34.7,56.5,223.52,0,5,110
7/18/2021 18:19:49,nchsmote4,54,0,329.6,31.5,59,190.5,0.134112,2,130
7/18/2021 18:27:59,nchsmote2,14,0,477.4,31.1,58.5,246.38,0.44704,5,75
7/18/2021 18:46:23,nchsmote1,14,0,751.7,31.3,62.5,223.52,0,5,110
7/18/2021 20:19:50,nchsmote4,54,0,367.6,30,67.5,190.5,0,6,320
7/18/2021 20:46:23,nchsmote1,12,0,786,30,69,223.52,0,5,110
7/18/2021 22:19:50,nchsmote4,54,0,340.4,29.6,70,190.5,0,8,40
7/18/2021 22:27:59,nchsmote2,12,0,431.4,29.5,70.5,246.38,0,5,75
7/18/2021 22:46:23,nchsmote1,11,0,791.2,29.4,75,223.52,0,7,200
7/19/2021 0:19:51,nchsmote4,54,0,395.6,29,78.5,190.5,0,1,85
7/19/2021 0:28:00,nchsmote2,11,0,445.1,28.9,78.5,246.38,0.134112,6,130
7/19/2021 0:46:24,nchsmote1,10,0,779.9,29,81.5,223.52,0,5,110
7/19/2021 2:19:51,nchsmote4,54,0,428.6,28.6,79.5,190.5,0,8,40
7/19/2021 2:28:00,nchsmote2,12,0,423.3,28.5,79,246.38,0.268224,5,75
7/19/2021 2:46:24,nchsmote1,12,0,749.6,28.4,81.5,223.52,0,7,200
7/19/2021 4:19:51,nchsmote4,54,0,394.1,28.4,80.5,190.5,0,8,40
7/19/2021 4:28:01,nchsmote2,12,0,476.3,28.2,81,246.38,0.268224,5,75
7/19/2021 4:46:25,nchsmote1,12,0,750,28.3,83.5,223.52,0,5,110
7/19/2021 6:19:52,nchsmote4,54,0,391.8,28.2,82,190.5,0.268224,1,85
7/19/2021 6:28:01,nchsmote2,11,0,453.1,28.1,82,246.38,0.268224,5,75
7/19/2021 6:46:25,nchsmote1,11,0,801.5,28.1,84,223.52,0,4,65
7/19/2021 8:19:52,nchsmote4,54,0,409.6,29.3,78.5,190.5,0.268224,8,40
7/19/2021 8:28:01,nchsmote2,21,0,445.2,29.1,79,246.38,0.268224,5,75
7/19/2021 8:41:17,nchsmote5,-250,0,433.7,32,70.5,0,0,1,100
7/19/2021 8:44:19,nchsmote3,18,0,271.6,30.9,73,0,0.134112,7,180
7/19/2021 8:46:25,nchsmote1,24,0,772.1,30.7,77,223.52,0,5,110
7/19/2021 8:47:42,nchsmote5,38,0,412.1,32.1,70,0,0,4,235
7/19/2021 8:54:56,nchsmote2,22,0,438.2,30.2,77,0,0,5,75
7/19/2021 8:58:00,nchsmote4,30,0,461.3,30.3,77,0,0,8,40
7/19/2021 8:58:58,nchsmote4,16,0,456.7,30.5,77.5,0,0,8,40
7/19/2021 9:03:00,nchsmote1,68,0,571.7,31.9,75,0,0,5,110
7/19/2021 10:47:42,nchsmote5,64,0,176.3,37.7,51.5,0,0,4,235
7/19/2021 10:54:57,nchsmote2,39,0,462.3,32.1,67,0,0,5,75
7/19/2021 10:58:59,nchsmote4,23,0,420.5,33.6,64.5,0,0,8,40
7/19/2021 11:03:01,nchsmote1,144,0,752.8,35.5,62,0,0,5,110
7/19/2021 12:44:20,nchsmote3,26,0,482.8,37.4,52,0,0,7,180
7/19/2021 12:47:43,nchsmote5,50,0,128.2,37.9,50,0,0.134112,1,100
7/19/2021 12:54:57,nchsmote2,50,0,442,33.4,63.5,0,0.44704,5,75
7/19/2021 12:58:59,nchsmote4,27,0,370,34.9,60.5,0,0.134112,1,85
7/19/2021 13:03:02,nchsmote1,121,0,801.6,35.7,60.5,0,0,5,110
7/19/2021 14:44:20,nchsmote3,23,0,448,32.8,57.5,0,0.44704,0,N/A
7/19/2021 14:47:43,nchsmote5,46,0,161.1,33.1,55.5,0,0,2,145
7/19/2021 14:54:58,nchsmote2,38,0,464.5,30.6,65.5,0,0,3,345
7/19/2021 14:59:00,nchsmote4,21,0,323.9,31.5,64,0,0,1,85
7/19/2021 15:03:02,nchsmote1,45,0,776.3,30.3,70,0,0,5,110
7/19/2021 16:44:21,nchsmote3,19,0,449.7,31,61.5,0,0.134112,7,180
7/19/2021 16:47:44,nchsmote5,24,0,179.9,31.8,60,0,0.715264,0,N/A
7/19/2021 16:54:58,nchsmote2,17,0,494,29.8,67,0,0.581152,2,300
7/19/2021 16:59:00,nchsmote4,14,0,407.7,30.2,66.5,0,0.581152,1,85
7/19/2021 17:03:02,nchsmote1,21,0,765.8,29.7,70.5,0,0,0,N/A
7/19/2021 18:44:21,nchsmote3,12,0,519.7,28.5,74,0,0.134112,7,180
7/19/2021 18:47:44,nchsmote5,11,0,170.6,29.1,72.5,0,0,2,145
7/19/2021 18:54:59,nchsmote2,12,0,468.3,28.7,75.5,0,0.268224,1,255
7/19/2021 18:59:01,nchsmote4,11,0,402.8,29,74.5,0,0,4,220
7/19/2021 19:03:03,nchsmote1,14,0,776.5,29,76.5,0,0,5,110
7/19/2021 20:44:22,nchsmote3,9,0,531.5,28.1,76,0,0,8,225
7/19/2021 20:47:44,nchsmote5,13,0,184,28.7,75,0,0,8,55
7/19/2021 20:54:59,nchsmote2,11,0,467.1,28.5,77,0,0,1,255
7/19/2021 20:59:01,nchsmote4,11,0,339.9,28.7,76.5,0,0,8,40
7/19/2021 21:03:03,nchsmote1,12,0,830.7,28.5,79.5,0,0,5,110
7/19/2021 22:44:22,nchsmote3,9,0,548.4,28.3,79.5,0,0,8,225
7/19/2021 22:47:45,nchsmote5,11,0,219.9,28.7,79,0,0,1,100
7/19/2021 22:54:59,nchsmote2,12,0,458.9,28.7,80.5,0,0,5,75
7/19/2021 22:59:02,nchsmote4,13,0,379.2,28.8,80.5,0,0,8,40
7/19/2021 23:03:04,nchsmote1,14,0,770.6,28.5,83.5,0,0,5,110
7/20/2021 0:44:23,nchsmote3,10,0,625.4,27.3,85.5,0,0,7,180
7/20/2021 0:47:45,nchsmote5,12,0,221.7,27.9,85.5,0,0,1,100
7/20/2021 0:55:00,nchsmote2,12,0,474.3,27.8,86,0,0.44704,5,75
7/20/2021 0:59:02,nchsmote4,11,0,403.9,28.1,85,0,0.134112,8,40
7/20/2021 1:03:04,nchsmote1,11,0,768.6,27.8,88,0,0,6,165
7/20/2021 2:44:23,nchsmote3,12,0,596.8,27.3,86,0,0,7,180
7/20/2021 2:47:45,nchsmote5,13,0,231,27.7,87,0,0,3,190
7/20/2021 2:55:00,nchsmote2,10,0,463.4,27.8,86,0,0.134112,5,75
7/20/2021 2:59:02,nchsmote4,11,0,420.2,28.1,85,0,0.134112,8,40
7/20/2021 3:03:04,nchsmote1,11,0,765.8,27.9,88,0,0,5,110
7/20/2021 4:44:24,nchsmote3,12,0,593.2,27.4,84.5,0,0,7,180
7/20/2021 4:47:46,nchsmote5,11,0,237.7,27.8,85,0,0,5,280
7/20/2021 4:55:00,nchsmote2,11,0,466.8,27.9,84.5,0,0.268224,5,75
7/20/2021 4:59:03,nchsmote4,13,0,388.5,28.2,83.5,0,0,1,85
7/20/2021 5:03:05,nchsmote1,13,0,801.5,27.8,87,0,0,5,110
7/20/2021 6:44:24,nchsmote3,11,0,585.2,27.5,85,0,0,8,225
7/20/2021 6:47:46,nchsmote5,11,0,238.3,27.9,86,0,0,3,190
7/20/2021 6:55:01,nchsmote2,11,0,434.5,28,86,0,0.268224,5,75
7/20/2021 6:59:03,nchsmote4,11,0,383.1,28.2,84.5,0,0,1,85
7/20/2021 7:03:05,nchsmote1,12,0,788.5,27.9,88,0,0,7,200
7/20/2021 8:47:47,nchsmote5,52,0,189.1,32.6,73.5,0,0,3,190
7/20/2021 8:55:01,nchsmote2,26,0,432,29.7,82,0,0.134112,5,75
7/20/2021 8:59:04,nchsmote4,19,0,419.6,30.6,80,0,0.134112,1,85
7/20/2021 10:44:25,nchsmote3,29,0,462.3,40,48.5,0,0,7,180
7/20/2021 10:47:47,nchsmote5,121,0,154.3,44.5,39,0,0,2,145
7/20/2021 10:55:02,nchsmote2,34,0,438.8,32.4,69,0,0.268224,5,75
7/20/2021 10:59:04,nchsmote4,25,0,343.3,34.6,62.5,0,0,8,40
7/20/2021 11:03:06,nchsmote1,472,2,801,40.3,52,0,0,5,110
7/20/2021 12:44:26,nchsmote3,40,0,475.6,42.7,40,0,0,0,N/A
7/20/2021 12:47:48,nchsmote5,94,0,152,44.2,35,0,0.44704,1,100
7/20/2021 12:55:03,nchsmote2,71,0,469.4,38.2,47.5,0,0,1,255
7/20/2021 12:59:05,nchsmote4,32,0,374.6,39.4,46,0,0.134112,8,40
7/20/2021 13:03:07,nchsmote1,81,0,800.8,41,45,0,0.134112,1,290
7/20/2021 14:44:26,nchsmote3,54,0,456.8,43.5,39,0,0.268224,8,225
7/20/2021 14:47:48,nchsmote5,73,0,171.4,43.2,37,0,0.44704,8,55
7/20/2021 14:55:02,nchsmote2,67,0,495.5,39.4,43.5,0,0,4,30
7/20/2021 14:59:05,nchsmote4,34,0,375.8,39.7,43,0,0.268224,2,130
7/20/2021 15:03:07,nchsmote1,71,0,754,37.8,49,0,0.134112,5,110
7/20/2021 16:44:27,nchsmote3,44,0,461.1,41.2,39.5,0,0.134112,8,225
7/20/2021 16:47:49,nchsmote5,60,0,128.8,40,40,0,0.44704,3,190
7/20/2021 16:55:03,nchsmote2,31,0,467.6,34.2,52,0,0.268224,1,255
7/20/2021 16:59:06,nchsmote4,21,0,403.4,34.1,53.5,0,0.134112,8,40
7/20/2021 17:03:07,nchsmote1,50,0,781.9,34.8,54,0,0,5,110
7/20/2021 18:44:27,nchsmote3,13,0,431.6,32.2,54,0,0,7,180
7/20/2021 18:47:49,nchsmote5,16,0,168.5,32.6,52,0,0,3,190
7/20/2021 18:55:03,nchsmote2,14,0,500.8,31.4,58,0,0.44704,4,30
7/20/2021 18:59:06,nchsmote4,14,0,325.6,31.3,59,0,0,7,355
7/20/2021 19:03:08,nchsmote1,13,0,793.4,31.6,61,0,0,5,110
7/20/2021 20:44:28,nchsmote3,9,0,456.9,29.4,65,0,0.268224,8,225
7/20/2021 20:47:49,nchsmote5,14,0,174.2,30.1,63,0,0,4,235
7/20/2021 20:55:04,nchsmote2,10,0,468.2,29.8,65,0,0,5,75
7/20/2021 20:59:07,nchsmote4,13,0,428,29.8,66.5,0,0,8,40
7/20/2021 21:03:08,nchsmote1,10,0,777.5,30.1,67.5,0,0,5,110
7/20/2021 22:44:28,nchsmote3,10,0,520.4,29,74,0,0,8,225
7/20/2021 22:47:50,nchsmote5,12,0,169,29.5,73.5,0,0,1,100
7/20/2021 22:55:04,nchsmote2,11,0,437.3,29.5,75,0,0,2,300
7/20/2021 22:59:07,nchsmote4,13,0,379.8,29.5,75,0,0,8,40
7/20/2021 23:03:09,nchsmote1,12,0,730.8,29.4,78,0,0,5,110
7/21/2021 0:44:28,nchsmote3,10,0,558,28.3,80,0,0,8,225
7/21/2021 0:47:50,nchsmote5,13,0,169,28.9,79,0,0.268224,3,190
7/21/2021 0:55:05,nchsmote2,11,0,447.1,28.9,79.5,0,0.268224,5,75
7/21/2021 0:59:07,nchsmote4,10,0,398.2,29,79,0,0,4,220
7/21/2021 1:03:09,nchsmote1,12,0,780.2,28.8,82,0,0,5,110
7/21/2021 2:44:29,nchsmote3,11,0,561.7,28,79,0,0,7,180
7/21/2021 2:47:50,nchsmote5,11,0,161.9,28.4,79,0,0,3,190
7/21/2021 2:55:05,nchsmote2,11,0,430.4,28.6,78,0,0.268224,5,75
7/21/2021 2:59:08,nchsmote4,10,0,388.7,28.7,78.5,0,0.134112,1,85
7/21/2021 3:03:09,nchsmote1,13,0,771.9,28.5,81,0,0,5,110
7/21/2021 4:44:29,nchsmote3,11,0,545.7,27.6,79.5,0,0,7,180
7/21/2021 4:47:51,nchsmote5,10,0,211.6,28.1,79.5,0,0,1,100
7/21/2021 4:55:05,nchsmote2,11,0,453,28.4,79,0,0.268224,5,75
7/21/2021 4:59:08,nchsmote4,12,0,416.6,28.4,79.5,0,0,1,85
7/21/2021 5:03:10,nchsmote1,12,0,747,28.2,82.5,0,0,5,110
7/21/2021 6:44:30,nchsmote3,11,0,548.1,27.6,82,0,0,8,225
7/21/2021 6:47:51,nchsmote5,12,0,223.3,28,82,0,0.134112,3,190
7/21/2021 6:55:06,nchsmote2,12,0,460.9,28.3,81.5,0,0.268224,6,130
7/21/2021 6:59:09,nchsmote4,11,0,432,28.4,81.5,0,0,8,40
7/21/2021 7:03:10,nchsmote1,13,0,802.3,28.1,85,0,0,5,110
7/21/2021 8:44:30,nchsmote3,20,0,527.1,31.7,71.5,0,0,8,225
7/21/2021 8:47:52,nchsmote5,44,0,160.1,32.1,70.5,0,0,1,100
7/21/2021 8:55:06,nchsmote2,21,0,494.9,29.8,77.5,0,0.581152,5,75
7/21/2021 8:59:09,nchsmote4,18,0,426.6,30.5,76,0,0,1,85
7/21/2021 9:03:11,nchsmote1,175,0,753,38.3,57.5,0,0,5,110
7/21/2021 10:47:52,nchsmote5,196,1,113.6,46.5,36.5,0,0.134112,3,190
7/21/2021 10:59:10,nchsmote4,27,0,375.3,34.7,61.5,0,0.134112,1,85
7/21/2021 11:03:11,nchsmote1,468,2,762.2,41.8,48.5,0,0,5,110
7/21/2021 12:44:31,nchsmote3,25,0,473.8,41.6,41,0,0.715264,2,315
7/21/2021 12:47:53,nchsmote5,105,0,106.3,41.7,39.5,0,0.581152,1,100
7/21/2021 12:55:07,nchsmote2,110,0,453,38.2,48,0,0.268224,4,30
7/21/2021 12:59:10,nchsmote4,34,0,347.6,39.5,46,0,0,2,130
7/21/2021 13:03:12,nchsmote1,417,2,789.7,41.4,46,0,0,6,165
7/21/2021 14:47:53,nchsmote5,48,0,167.2,39.2,42.5,0,0.134112,8,55
7/21/2021 14:55:07,nchsmote2,34,0,457.7,35.2,52,0,0.581152,5,75
7/21/2021 14:59:11,nchsmote4,18,0,412.4,34.9,53.5,0,0.44704,3,175
7/21/2021 15:03:12,nchsmote1,57,0,760.7,34.7,56.5,0,0,6,165
7/21/2021 16:44:32,nchsmote3,40,0,481.9,40.4,42.5,0,0.581152,1,270
7/21/2021 16:47:54,nchsmote5,63,0,153.9,39.2,44.5,0,0.268224,8,55
7/21/2021 16:55:08,nchsmote2,31,0,499.6,33.7,57.5,0,0.134112,5,75
7/21/2021 16:59:11,nchsmote4,17,0,378.9,34,58,0,0,8,40
7/21/2021 17:03:13,nchsmote1,36,0,821.7,33.9,60.5,0,0,5,110
7/21/2021 18:44:33,nchsmote3,13,0,471,31,62,0,0.134112,7,180
7/21/2021 18:47:54,nchsmote5,16,0,143.1,32,59,0,0.134112,6,335
7/21/2021 18:55:08,nchsmote2,13,0,467,30.8,65,0,0.581152,5,75
7/21/2021 18:59:12,nchsmote4,16,0,347.3,30.8,65,0,0.134112,1,85
7/21/2021 19:03:13,nchsmote1,14,0,803.8,30.9,67,0,0,0,N/A
7/21/2021 20:44:33,nchsmote3,10,0,466.7,29.3,69,0,0.134112,7,180
7/21/2021 20:47:54,nchsmote5,12,0,160,29.9,67.5,0,0,4,235
7/21/2021 20:55:09,nchsmote2,12,0,481.1,29.8,69,0,0.268224,5,75
7/21/2021 20:59:12,nchsmote4,16,0,335.2,29.8,69.5,0,0.44704,2,130
7/21/2021 21:03:13,nchsmote1,12,0,799.5,29.8,72,0,0,6,165
7/21/2021 22:47:55,nchsmote5,11,0,191.1,29.3,74,0,0,0,N/A
7/21/2021 22:55:09,nchsmote2,12,0,455,29.3,75,0,0.268224,5,75
7/21/2021 22:59:12,nchsmote4,16,0,380,29.4,75.5,0,0.268224,8,40
7/21/2021 23:03:14,nchsmote1,11,0,804.1,29.3,78,0,0,5,110
7/22/2021 0:47:55,nchsmote5,12,0,169.7,28.9,77,0,0,8,55
7/22/2021 0:55:09,nchsmote2,10,0,454.2,29,77,0,0.268224,6,130
7/22/2021 0:59:13,nchsmote4,16,0,361.4,29.1,77,0,0,8,40
7/22/2021 1:03:14,nchsmote1,12,0,742.1,28.9,80,0,0,5,110
7/22/2021 2:44:35,nchsmote3,10,0,490.1,28.2,78.5,0,0.134112,8,225
7/22/2021 2:47:55,nchsmote5,10,0,177.6,28.6,78.5,0,0,3,190
7/22/2021 2:55:10,nchsmote2,11,0,475.3,28.7,79,0,0.581152,5,75
7/22/2021 2:59:13,nchsmote4,16,0,374.7,28.8,79,0,0,1,85
7/22/2021 3:03:15,nchsmote1,12,0,747.2,28.5,82,0,0,6,165
7/22/2021 4:47:56,nchsmote5,11,0,187.7,28.1,82.5,0,0,3,190
7/22/2021 4:55:10,nchsmote2,12,0,445.6,28.3,81,0,0.134112,4,30
7/22/2021 4:59:14,nchsmote4,16,0,438,28.4,80.5,0,0,6,320
7/22/2021 5:03:15,nchsmote1,14,0,784.1,28.1,84,0,0,5,110
7/22/2021 6:44:35,nchsmote3,10,0,595.7,27.2,83.5,0,0,8,225
7/22/2021 6:47:56,nchsmote5,11,0,188.2,27.7,84,0,0,4,235
7/22/2021 6:55:11,nchsmote2,11,0,480.1,28,83,0,0.134112,5,75
7/22/2021 6:59:14,nchsmote4,16,0,340.2,28.2,83,0,0,1,85
7/22/2021 7:03:15,nchsmote1,13,0,785.7,28.1,85.5,0,0,6,165
7/22/2021 8:44:36,nchsmote3,18,0,513.5,30.7,74.5,0,0,7,180
7/22/2021 8:47:57,nchsmote5,43,0,197.1,31.5,72.5,0,0,4,235
7/22/2021 8:55:11,nchsmote2,21,0,430.2,29.1,80.5,0,0.134112,5,75
7/22/2021 8:59:14,nchsmote4,16,0,406.7,29.5,79,0,0,1,85
7/22/2021 9:03:16,nchsmote1,57,0,761.1,34.4,65.5,0,0,6,165
7/22/2021 10:44:36,nchsmote3,47,0,506.8,42.8,43,0,0.268224,8,225
7/22/2021 10:47:57,nchsmote5,217,1,165.5,50.6,29.5,0,0,1,100
7/22/2021 10:55:11,nchsmote2,38,0,454,33.2,63.5,0,0,5,75
7/22/2021 10:59:15,nchsmote4,16,0,389.7,35.5,58,0,0,0,N/A
7/22/2021 11:03:16,nchsmote1,488,2,752.7,43.2,43.5,0,0.268224,2,335
7/22/2021 12:44:37,nchsmote3,38,0,463.5,40.7,44.5,0,0,8,225
7/22/2021 12:47:58,nchsmote5,112,0,141.3,41.5,40.5,0,0.268224,8,55
7/22/2021 12:55:12,nchsmote2,36,0,447.2,37,53,0,0.44704,5,75
7/22/2021 12:59:15,nchsmote4,16,0,373.6,37.9,50.5,0,0.134112,1,85
7/22/2021 13:03:17,nchsmote1,74,0,764.4,40.3,48.5,0,0.134112,7,200
7/22/2021 14:44:37,nchsmote3,56,0,498.4,45.7,35.5,0,0.44704,1,270
7/22/2021 14:47:58,nchsmote5,53,0,194.1,45.1,34,0,0,1,100
7/22/2021 14:55:12,nchsmote2,75,0,491.8,41.3,40,0,0.134112,5,75
7/22/2021 14:59:16,nchsmote4,16,0,347.2,42.1,40.5,0,0.268224,2,130
7/22/2021 15:03:17,nchsmote1,93,0,764.9,37.3,50.5,0,0,5,110
7/22/2021 16:44:38,nchsmote3,70,0,456,49.1,30,0,0.581152,8,225
7/22/2021 16:47:59,nchsmote5,70,0,174.7,44.5,33,0,0.44704,1,100
7/22/2021 16:55:13,nchsmote2,26,0,452.8,34.1,53,0,0.268224,5,75
7/22/2021 16:59:16,nchsmote4,16,0,342.6,34.1,54,0,0,1,85
7/22/2021 17:03:18,nchsmote1,37,0,783.4,34.1,56.5,0,0,0,N/A
7/22/2021 18:44:38,nchsmote3,14,0,448.7,32.1,58,0,0.134112,6,145
7/22/2021 18:47:59,nchsmote5,17,0,142.9,34.1,52.5,0,0.268224,1,100
7/22/2021 18:55:13,nchsmote2,13,0,475.4,31.5,62.5,0,0.44704,5,75
7/22/2021 18:59:17,nchsmote4,16,0,377.1,31.5,63,0,0,8,40
7/22/2021 19:03:18,nchsmote1,13,0,771.2,31.6,65.5,0,0,5,110
7/22/2021 20:44:39,nchsmote3,11,0,470.4,29.8,67.5,0,0.44704,8,225
7/22/2021 20:48:00,nchsmote5,12,0,186.7,30.4,65.5,0,0.268224,2,145
7/22/2021 20:55:14,nchsmote2,12,0,467.3,30.1,68.5,0,0.44704,0,N/A
7/22/2021 20:59:17,nchsmote4,16,0,447.5,30.2,69,0,0.268224,1,85
7/22/2021 21:03:18,nchsmote1,13,0,770.2,30.3,71.5,0,0,5,110
7/22/2021 22:44:39,nchsmote3,10,0,509.5,29.1,73.5,0,0.268224,8,225
7/22/2021 22:48:00,nchsmote5,12,0,162,29.7,72.5,0,0,8,55
7/22/2021 22:55:14,nchsmote2,11,0,454.4,29.6,74,0,0.134112,4,30
7/22/2021 22:59:18,nchsmote4,16,0,365.9,29.6,74,0,0.581152,3,175
7/22/2021 23:03:19,nchsmote1,13,0,755.4,29.6,77,0,0,5,110
7/23/2021 0:48:00,nchsmote5,11,0,191.7,29,79.5,0,0.581152,3,190
7/23/2021 0:55:14,nchsmote2,11,0,469.4,29,80.5,0,0.268224,5,75
7/23/2021 0:59:18,nchsmote4,16,0,398.4,29.1,80,0,0.268224,8,40
7/23/2021 1:03:19,nchsmote1,13,0,783.7,29,82.5,0,0.134112,6,165
7/23/2021 2:44:40,nchsmote3,11,0,514.8,28.2,81,0,0,8,225
7/23/2021 2:48:01,nchsmote5,12,0,164.8,28.6,81,0,0.134112,4,235
7/23/2021 2:55:15,nchsmote2,11,0,482.3,28.7,81,0,0.268224,5,75
7/23/2021 2:59:19,nchsmote4,16,0,377.5,28.9,81,0,0,8,40
7/23/2021 3:03:20,nchsmote1,12,0,797.2,28.7,83.5,0,0,5,110
7/23/2021 4:44:41,nchsmote3,12,0,574.6,27.9,81,0,0,7,180
7/23/2021 4:48:01,nchsmote5,11,0,145.5,28.5,80.5,0,0,4,235
7/23/2021 4:55:15,nchsmote2,11,0,465.5,28.6,80,0,0,8,210
7/23/2021 4:59:19,nchsmote4,16,0,347.8,28.8,79.5,0,0,7,355
7/23/2021 5:03:20,nchsmote1,12,0,761.5,28.5,83,0,0,5,110
7/23/2021 6:44:41,nchsmote3,11,0,541.3,27.8,84,0,0,7,180
7/23/2021 6:48:02,nchsmote5,12,0,202.1,28.4,83.5,0,0,8,55
7/23/2021 6:55:16,nchsmote2,11,0,452,28.5,83.5,0,0.134112,4,30
7/23/2021 6:59:19,nchsmote4,16,0,409.4,28.6,83,0,0.134112,8,40
7/23/2021 7:03:21,nchsmote1,13,0,773.6,28.4,86,0,0,5,110
7/23/2021 8:44:42,nchsmote3,17,0,68.4,30.9,75,0,0.134112,7,180
7/23/2021 8:48:02,nchsmote5,52,0,153.6,31.9,72.5,0,0,1,100
7/23/2021 8:55:16,nchsmote2,18,0,470.9,29.4,80.5,0,0.134112,5,75
7/23/2021 8:59:20,nchsmote4,16,0,397.9,30.3,78.5,0,0,8,40
7/23/2021 9:03:21,nchsmote1,176,0,778,37.1,61.5,0,0,5,110
7/23/2021 10:48:02,nchsmote5,135,0,156.7,47.4,34.5,0,0,0,N/A
7/23/2021 10:55:16,nchsmote2,43,0,484,33.2,64,0,0.134112,6,130
7/23/2021 10:59:20,nchsmote4,16,0,431,35.5,59,0,0.268224,2,130
7/23/2021 12:48:03,nchsmote5,51,0,164.5,43.4,37.5,0,0,1,100
7/23/2021 12:55:17,nchsmote2,36,0,497,38.8,48,0,0.715264,0,N/A
7/23/2021 12:59:21,nchsmote4,16,0,335.2,39.2,46,0,0.134112,8,40
7/23/2021 13:03:22,nchsmote1,219,1,810.3,41.3,46,0,0.134112,5,110
7/23/2021 14:48:03,nchsmote5,67,0,219.7,43.1,38.5,0,0,3,190
7/23/2021 14:55:17,nchsmote2,42,0,479,41.1,43,0,0.715264,5,75
7/23/2021 14:59:21,nchsmote4,16,0,410.9,41.4,43,0,0.581152,2,130
7/23/2021 15:03:22,nchsmote1,219,1,762.4,37.5,54,0,0,6,165
7/23/2021 16:55:18,nchsmote2,15,0,493.3,32.3,64,0,0.44704,4,30
7/23/2021 17:03:23,nchsmote1,219,1,777.9,32.5,65.5,0,0,3,20
7/23/2021 17:08:56,nchsmote4,16,0,0,0,0,0,0.268224,1,85
7/23/2021 18:55:18,nchsmote2,13,0,508.8,29,75,0,0.134112,6,130
7/23/2021 19:03:23,nchsmote1,219,1,776.5,29,78,0,0,5,110
7/23/2021 20:55:19,nchsmote2,11,0,493.3,26.3,87,0,0.134112,1,255
7/23/2021 21:03:24,nchsmote1,219,1,752.1,26.8,86,0,0,5,110
7/23/2021 22:55:19,nchsmote2,12,0,477.2,26.4,88.5,0,0.268224,1,255
7/23/2021 23:03:24,nchsmote1,219,1,737.6,26.9,89.5,0,0,4,65
7/24/2021 0:55:19,nchsmote2,10,0,448.3,27.3,85,0,0.134112,6,130
7/24/2021 1:03:24,nchsmote1,219,1,769.3,27.2,88.5,0,0,5,110
7/24/2021 2:55:20,nchsmote2,13,0,450.6,27.6,80,0,0.134112,5,75
7/24/2021 3:03:25,nchsmote1,219,1,764.7,27.4,84.5,0,0,5,110
7/24/2021 4:55:20,nchsmote2,11,0,466.6,27.9,83.5,0,0.134112,5,75
7/24/2021 5:03:25,nchsmote1,219,1,779,27.8,87,0,0,5,110
7/24/2021 6:55:21,nchsmote2,11,0,459.4,27.7,82.5,0,0.44704,5,75
7/24/2021 7:03:26,nchsmote1,219,1,757.8,27.6,85,0,0,6,165
7/24/2021 8:55:21,nchsmote2,24,0,433,29.1,78,0,0,1,255
7/24/2021 9:03:26,nchsmote1,219,1,756.3,30.5,77,0,0,6,165
7/24/2021 10:55:21,nchsmote2,36,0,445.2,31.8,66,0,0.44704,0,N/A
7/24/2021 11:03:26,nchsmote1,219,1,763,37.7,55,0,0,5,110
7/24/2021 12:55:22,nchsmote2,95,0,434.6,39,43,0,0.44704,4,30
7/24/2021 13:03:27,nchsmote1,219,1,788.3,41.8,41.5,0,0,5,110
7/24/2021 14:55:22,nchsmote2,68,0,480.8,42.4,36,0,0.715264,1,255
7/24/2021 15:03:27,nchsmote1,219,1,776.4,39.1,44.5,0,0.268224,5,110
7/24/2021 16:55:23,nchsmote2,24,0,511.4,33.8,52,0,0.268224,5,75
7/24/2021 17:03:28,nchsmote1,219,1,800.5,34.3,55,0,0,5,110
7/24/2021 18:55:23,nchsmote2,13,0,483,31,65.5,0,0.134112,5,75
7/24/2021 19:03:28,nchsmote1,219,1,770.7,31.1,68,0,0.268224,5,110
7/24/2021 20:55:23,nchsmote2,13,0,482.4,29.6,71.5,0,0.134112,5,75
7/24/2021 21:03:28,nchsmote1,219,1,748.4,29.8,74.5,0,0,5,110
7/24/2021 22:55:24,nchsmote2,10,0,479,29.5,72,0,0.268224,5,75
7/24/2021 23:03:29,nchsmote1,219,1,727.4,29.8,73.5,0,0,6,165
7/25/2021 0:55:24,nchsmote2,10,0,459,29.3,73.5,0,0.134112,4,30
7/25/2021 1:03:29,nchsmote1,219,1,747.5,29.1,77,0,0,5,110
7/25/2021 2:55:24,nchsmote2,12,0,465.2,28.6,75.5,0,0.581152,4,30
7/25/2021 3:03:29,nchsmote1,219,1,757.6,28.6,79,0,0,6,165
7/25/2021 4:55:25,nchsmote2,11,0,451.8,28.3,78.5,0,0.44704,5,75
7/25/2021 5:03:30,nchsmote1,219,1,789.5,28.2,82,0,0,5,110
7/25/2021 6:55:25,nchsmote2,12,0,443.8,28.2,79,0,0.581152,5,75
7/25/2021 7:03:30,nchsmote1,219,1,783.2,28.1,82.5,0,0,5,110
7/25/2021 8:55:25,nchsmote2,22,0,466.5,29.8,76.5,0,0.44704,4,30
7/25/2021 9:03:31,nchsmote1,219,1,798.3,36.3,59,0,0,5,110
7/25/2021 10:55:26,nchsmote2,34,0,462,32.8,64,0,0.268224,5,75
7/25/2021 11:03:31,nchsmote1,219,1,781.5,42.6,44.5,0,0,5,110
7/25/2021 12:55:26,nchsmote2,94,0,473.1,39.7,44,0,0.581152,5,75
7/25/2021 13:03:32,nchsmote1,219,1,794.6,43.1,41,0,0.268224,5,110
7/25/2021 14:55:27,nchsmote2,73,0,472.8,42.8,36.5,0,0.581152,4,30
7/25/2021 15:03:32,nchsmote1,219,1,769.7,39.1,47,0,0.134112,6,165
7/25/2021 16:55:27,nchsmote2,29,0,456.4,34.1,52,0,0.268224,4,30
7/25/2021 17:03:33,nchsmote1,219,1,789.9,34.1,55,0,0,5,110
7/25/2021 18:55:28,nchsmote2,14,0,503.9,31.7,59,0,0.134112,5,75
7/25/2021 19:03:33,nchsmote1,219,1,742.2,32,62.5,0,0.268224,7,200
7/25/2021 20:55:28,nchsmote2,11,0,473.6,30.2,73,0,0.268224,5,75
7/25/2021 21:03:33,nchsmote1,219,1,766.4,30.5,74.5,0,0,6,165
7/25/2021 22:55:29,nchsmote2,12,0,459.1,29.6,76.5,0,0.715264,0,N/A
7/25/2021 23:03:34,nchsmote1,219,1,768.7,29.9,78,0,0,6,165
7/26/2021 0:55:29,nchsmote2,12,0,476.3,29.3,79.5,0,0.268224,5,75
7/26/2021 1:03:34,nchsmote1,219,1,737.8,29.6,81,0,0,5,110
7/26/2021 2:55:29,nchsmote2,11,0,455.7,28.9,79,0,0,5,75
7/26/2021 3:03:35,nchsmote1,219,1,773.6,28.9,81,0,0,5,110
7/26/2021 4:55:30,nchsmote2,12,0,478.8,28.5,82.5,0,0.134112,5,75
7/26/2021 5:03:35,nchsmote1,219,1,783.8,28.7,84,0,0,6,165
7/26/2021 6:55:30,nchsmote2,12,0,429.9,28.5,81,0,0.134112,5,75
7/26/2021 7:03:35,nchsmote1,219,1,788,28.6,83,0,0,5,110
7/26/2021 8:55:31,nchsmote2,26,0,469,30,75,0,0.44704,5,75
7/26/2021 9:03:36,nchsmote1,219,1,765,41.6,49.5,0,0,5,110
7/26/2021 10:55:31,nchsmote2,31,0,427.2,33,62.5,0,0.268224,5,75
7/26/2021 11:03:36,nchsmote1,219,1,784.9,38.7,51.5,0,0.134112,5,110
7/26/2021 12:55:31,nchsmote2,39,0,425.2,35,56,0,0.44704,5,75
7/26/2021 13:03:37,nchsmote1,219,1,788.7,36.6,55,0,0.134112,6,165
7/26/2021 14:55:32,nchsmote2,33,0,454.5,38.9,44.5,0,0.134112,5,75
7/26/2021 15:03:37,nchsmote1,219,1,776.4,36.8,52.5,0,0,6,165
7/26/2021 16:55:32,nchsmote2,27,0,499.6,33.8,53.5,0,0.44704,5,75
7/26/2021 17:03:38,nchsmote1,219,1,761.5,33.4,58,0,0,6,165
7/26/2021 18:55:33,nchsmote2,13,0,443,31.1,63,0,0.581152,4,30
7/26/2021 19:03:38,nchsmote1,219,1,749.7,31.2,66.5,0,0,6,165
7/26/2021 20:55:33,nchsmote2,11,0,448.7,29.7,71.5,0,0.581152,5,75
7/26/2021 21:03:38,nchsmote1,219,1,771.9,29.8,74.5,0,0,6,165
7/26/2021 22:55:33,nchsmote2,12,0,442.9,29.3,76.5,0,0.581152,4,30
7/26/2021 23:03:39,nchsmote1,219,1,752,29.4,78.5,0,0,5,110
7/27/2021 0:55:34,nchsmote2,12,0,451.3,28.9,77,0,0.581152,0,N/A
7/27/2021 1:03:40,nchsmote1,219,1,748,29.1,79,0,0,1,290
7/27/2021 2:55:34,nchsmote2,11,0,435.9,28.7,77.5,0,0.268224,5,75
7/27/2021 3:03:40,nchsmote1,219,1,750.5,28.7,80,0,0,5,110
7/27/2021 4:55:35,nchsmote2,11,0,492.8,28.6,77,0,0.268224,5,75
7/27/2021 5:03:40,nchsmote1,219,1,747,28.5,80,0,0,5,110
7/27/2021 6:55:35,nchsmote2,11,0,492.2,28.3,79,0,0.44704,5,75
7/27/2021 7:03:40,nchsmote1,219,1,788.2,28.3,82,0,0,5,110
7/27/2021 8:55:35,nchsmote2,21,0,472,29.8,74,0,0,5,75
7/27/2021 9:03:41,nchsmote1,219,1,740.9,40.7,48.5,0,0,5,110
7/27/2021 10:55:36,nchsmote2,28,0,514,33.3,62,0,0.134112,5,75
7/27/2021 11:03:41,nchsmote1,219,1,771.5,41.2,47.5,0,0.134112,6,165
7/27/2021 12:55:36,nchsmote2,79,0,493.2,35.9,56.5,0,0.134112,1,255
7/27/2021 13:03:42,nchsmote1,219,1,852.6,41.1,47.5,0,0,6,165
7/27/2021 14:55:37,nchsmote2,37,0,450.4,38,49.5,0,0.581152,4,30
7/27/2021 15:03:42,nchsmote1,219,1,768.4,36,57.5,0,0.268224,5,110
7/27/2021 16:55:37,nchsmote2,20,0,485.3,31.2,65,0,0.268224,5,75
7/27/2021 17:03:43,nchsmote1,219,1,799.3,32.4,64.5,0,0,5,110
7/27/2021 18:55:38,nchsmote2,13,0,476.1,30.8,63,0,0.581152,4,30
7/27/2021 19:03:43,nchsmote1,219,1,758.7,31,64.5,0,0,6,165
7/27/2021 21:03:44,nchsmote1,219,1,762.5,29.8,68.5,0,0.268224,7,200
7/28/2021 1:03:44,nchsmote1,219,1,751.6,29,74,0,0,5,110
7/28/2021 3:03:45,nchsmote1,219,1,743.6,28.6,78.5,0,0,5,110
7/28/2021 5:03:45,nchsmote1,219,1,755,28.5,79.5,0,0,5,110
7/28/2021 7:03:46,nchsmote1,219,1,786.2,28.5,78,0,0,6,165
7/28/2021 9:03:46,nchsmote1,219,1,774,42.4,46.5,0,0,5,110
7/28/2021 11:03:46,nchsmote1,219,1,767.3,39.3,51,0,0,8,245
7/28/2021 13:03:47,nchsmote1,219,1,792.2,40.5,48,0,0,5,110
7/28/2021 15:03:47,nchsmote1,219,1,749.8,36.8,52.5,0,0,5,110
7/28/2021 17:03:48,nchsmote1,219,1,781.4,33.6,60.5,0,0.44704,5,110
7/28/2021 19:03:48,nchsmote1,219,1,778.4,31.4,66,0,0,6,165
7/28/2021 21:03:49,nchsmote1,219,1,811.4,29.9,66.5,0,0.268224,6,165
7/28/2021 23:03:49,nchsmote1,219,1,762,29.4,72,0,0,5,110
7/29/2021 1:03:50,nchsmote1,219,1,766.7,29.1,78.5,0,0,5,110
7/29/2021 3:03:50,nchsmote1,219,1,753.7,28.8,78,0,0,7,200
7/29/2021 5:03:50,nchsmote1,219,1,744.2,28.6,79,0,0.134112,5,110
7/29/2021 7:03:51,nchsmote1,219,1,854.8,28.8,78,0,0,5,110
7/29/2021 9:03:51,nchsmote1,219,1,747.6,33.2,66.5,0,0,5,110
7/29/2021 11:03:52,nchsmote1,219,1,735.3,34.5,60.5,0,0.134112,6,165
7/29/2021 13:03:52,nchsmote1,219,1,812.2,40.7,47,0,0,5,110
7/29/2021 15:03:52,nchsmote1,219,1,731.1,36.7,50.5,0,0.134112,5,110
7/29/2021 17:03:53,nchsmote1,219,1,766.6,34.2,51.5,0,0.268224,5,110
7/29/2021 19:03:53,nchsmote1,219,1,780.6,31.8,58,0,0,5,110
7/29/2021 21:03:54,nchsmote1,219,1,760.1,30.4,62.5,0,0,7,200
7/30/2021 1:03:55,nchsmote1,219,1,766.8,29.4,80,0,0,6,165
7/30/2021 3:03:55,nchsmote1,219,1,726.9,29.2,80.5,0,0,7,200
7/30/2021 5:03:55,nchsmote1,219,1,776,28.8,81,0,0,5,110
7/30/2021 7:03:56,nchsmote1,219,1,818.8,28.7,82,0,0,5,110
7/30/2021 9:03:56,nchsmote1,219,1,758.8,39.7,53.5,0,0,6,165
7/30/2021 11:03:57,nchsmote1,219,1,772.1,40,48,0,0,5,110
7/30/2021 13:03:57,nchsmote1,219,1,754.1,40.5,46.5,0,0,5,110
7/30/2021 15:03:58,nchsmote1,219,1,733.9,37.6,49.5,0,0.268224,6,165
7/30/2021 17:03:58,nchsmote1,219,1,798.8,34.4,56,0,0,6,165
7/30/2021 19:03:59,nchsmote1,219,1,781.6,31.4,65,0,0,6,165
7/30/2021 21:03:59,nchsmote1,219,1,740.3,30.6,70,0,0,5,110
7/30/2021 23:03:59,nchsmote1,219,1,763.2,30,76,0,0,5,110
7/31/2021 1:04:00,nchsmote1,219,1,754.8,29.8,78,0,0,6,165
7/31/2021 3:04:00,nchsmote1,219,1,770.9,29.4,79,0,0,6,165
7/31/2021 7:04:01,nchsmote1,219,1,751.2,28.8,83.5,0,0,0,N/A
7/31/2021 9:04:01,nchsmote1,219,1,766.8,32.9,70.5,0,0,5,110
7/31/2021 11:04:02,nchsmote1,219,1,783.2,25.3,90.5,0,0.134112,6,165
7/31/2021 13:04:02,nchsmote1,219,1,778.9,34.5,59.5,10.16,0,5,110